Book Id,Title,Author,Author l-f,Additional Authors,ISBN,ISBN13,My Rating,Publisher,Binding,Number of Pages,Year Published,Original Publication Year,Date Read,Date Added,Bookshelves,Bookshelves with positions,Exclusive Shelf,My Review,Spoiler,Private Notes,Read Count,Owned Copies
30780283,White Tears,Hari Kunzru,"Kunzru, Hari",,"=""0451493699""","=""9780451493699""",0,Knopf,Hardcover,271,2017,2017,,2026/04/15,to-read,to-read (#359),to-read,,,,0,0
196845471,Blue Ruin,Hari Kunzru,"Kunzru, Hari",,"=""0593801377""","=""9780593801376""",0,Knopf,Hardcover,272,2024,2024,,2024/12/21,currently-reading,currently-reading (#3),currently-reading,,,,1,0
214986234,The Expert of Subtle Revisions,Kirsten Menger-Anderson,"Menger-Anderson, Kirsten",,"=""0593798309""","=""9780593798300""",3,Crown,Hardcover,256,2025,2025,2026/04/13,2025/12/01,,,read,"i like the vibes. reminds me of Piranesi even though it's totally different. i don't mind the lack of explanation of the ""rules"" of the world since there're so many texts that get lost in the sauce (tenet, edge of tomorrow). once the plot really gets going in the last third, i think it goes a little too quickly and the characters get lost. everyone is kind of aloof and i wish there was more to connect to because the ending does not hit hard at all. the story makes sense and stuff but it's surprisingly boring for its concept.",,,1,0
35031085,Frankenstein: The 1818 Text,Mary Wollstonecraft Shelley,"Shelley, Mary Wollstonecraft",Charlotte  Gordon,"=""0143131842""","=""9780143131847""",4,Penguin Publishing Group,Paperback,260,2018,1818,2026/02/12,2025/12/25,,,read,i think it's very good. although if i was forced to read it in high school or something i would've hated it. i also think unfortunately that this could radicalize a certain subset of young males who misinterpret the text.,,,1,0
17571466,The Troop,Nick Cutter,"Cutter, Nick",,"=""1476717710""","=""9781476717715""",0,Gallery Books,Hardcover,358,2014,2014,,2026/04/09,to-read,to-read (#358),to-read,,,,0,0
236115798,Spoiled Milk,Avery Curran,"Curran, Avery",,"=""0385551592""","=""9780385551595""",0,Doubleday,Hardcover,322,2026,2026,,2026/03/28,to-read,to-read (#357),to-read,,,,0,0
205978602,The Ways of Paradise,Peter Cornell,"Cornell, Peter",Saskia Vogel,"=""1804271063""","=""9781804271063""",0,Fitzcarraldo Editions,Paperback,152,2025,1999,2026/03/13,2025/12/01,,,read,,,,1,0
59973,Daredevil: The Man Without Fear,Frank Miller,"Miller, Frank",,"=""0785100466""","=""9780785100461""",0,Marvel Comics,Paperback,160,2003,1993,,2025/12/08,did-not-finish,did-not-finish (#19),did-not-finish,,,,1,0
18693763,Everything I Never Told You,Celeste Ng,"Ng, Celeste",,"=""159420571X""","=""9781594205712""",0,Penguin Press,Hardcover,297,2014,2014,,2024/05/13,did-not-finish,did-not-finish (#12),did-not-finish,,,,1,0
18966819,"Golden Son (Red Rising Saga, #2)",Pierce Brown,"Brown, Pierce",,"=""0345539826""","=""9780345539823""",0,Del Rey,ebook,466,2015,2015,,2025/06/17,did-not-finish,did-not-finish (#16),did-not-finish,"I've decided I want to enjoy the things I read, and not suffer through them. The more I think about the first book, the more I have issues with people's claim that it's an ""adult"" series. The aspects that supposedly make the series more dark and mature, like sexual violence, wartime brutality, and slavery, actually reveal its lack of maturity.<br/><br/>Rape is presented for shock value, then quickly turned into a strategic tool when Darrow uses it to gain Tactus’ loyalty. Yes I was shocked when it was revealed that Tactus was raping women. And I was more shocked when Darrow became friends with the rapist (after punishing him, of course). A protagonist who weaponizes trauma for his goals isn’t someone I feel compelled to root for. The sexual assaults are just used as plot devices with no follow-up other than saying ""people do bad things in wartime"". There was also a weird thing in the first book where Darrow sees a Pink being mistreated and frees her from sexual captivity, which also feels hollow. It's really just there to make us root for Darrow.<br/><br/>The series sets up a vast world that could be very interesting and nuanced, yet the implementation is so underbaked. The structure of the caste system could be a great opportunity to interrogate the society and the characters within, yet nobody ever meaningfully critiques it. Golds, who are the oppressors, never question their privilege, and they are never prompted to question it by others, either. All the central characters are Golds, so why should we care? The system remains unchallenged, and Darrow himself seems unconcerned at times.<br/><br/>The pieces are all there, but it's just not working. It's like if Remy only ate the strawberry and the cheese separately, and never tried them together.",,,1,0
41881472,"The Psychology of Money: Timeless Lessons on Wealth, Greed, and Happiness",Morgan Housel,"Housel, Morgan",,"=""""","=""""",0,Harriman House,Paperback,242,2020,2020,,2024/04/23,did-not-finish,did-not-finish (#14),did-not-finish,,,,1,0
10073506,"Tinker, Tailor, Soldier, Spy (George Smiley, #5; Karla Trilogy, #1)",John le Carré,"Carré, John le",,"=""""","=""""",0,Penguin Books,Paperback,381,2011,1974,,2023/12/21,did-not-finish,did-not-finish (#9),did-not-finish,it’s too british for me!! literally incomprehensible,,,0,0
53773242,What Strange Paradise,Omar El Akkad,"Akkad, Omar El",,"=""0525657908""","=""9780525657903""",0,Knopf,Hardcover,256,2021,2021,,2024/04/22,did-not-finish,did-not-finish (#13),did-not-finish,,,,1,0
57281746,"Neverwhere (London Below, #1)",Neil Gaiman,"Gaiman, Neil",,"=""""","=""""",0,William Morrow,Kindle Edition,400,2009,1996,,2022/04/12,did-not-finish,did-not-finish (#6),did-not-finish,,,,0,0
25489625,Between the World and Me,Ta-Nehisi Coates,"Coates, Ta-Nehisi",,"=""""","=""""",0,Spiegel & Grau,Hardcover,152,2015,2015,,2023/11/03,did-not-finish,did-not-finish (#10),did-not-finish,,,,0,0
57933306,Stolen Focus: Why You Can't Pay Attention— and How to Think Deeply Again,Johann Hari,"Hari, Johann",,"=""0593138511""","=""9780593138519""",0,Crown,Hardcover,357,2022,2022,,2022/06/23,did-not-finish,did-not-finish (#8),did-not-finish,,,,0,0
3828902,Thinking In Systems: A Primer,Donella H. Meadows,"Meadows, Donella H.",Diana Wright,"=""1603580557""","=""9781603580557""",0,Chelsea Green Publishing,Paperback,218,2008,2008,,2021/04/06,did-not-finish,did-not-finish (#15),did-not-finish,,,,1,0
54976986,Great Circle,Maggie Shipstead,"Shipstead, Maggie",,"=""""","=""""",0,Knopf,Hardcover,608,2021,2021,,2022/01/16,did-not-finish,did-not-finish (#4),did-not-finish,,,,0,0
54335204,Clarity & Connection,Yung Pueblo,"Pueblo, Yung",,"=""1524860484""","=""9781524860486""",0,Andrews McMeel Publishing,Paperback,256,2021,2019,,2022/02/13,did-not-finish,did-not-finish (#5),did-not-finish,,,,0,0
30186948,Think and Grow Rich,Napoleon Hill,"Hill, Napoleon","Bill Hartley, Ann Hartley, Ben Holden-Crowther, Muhammad Ghous Siddiqui","=""""","=""""",0,,Paperback,233,2016,1937,,2021/03/29,did-not-finish,did-not-finish (#3),did-not-finish,,,,0,0
26046333,Designing Your Life: Build a Life that Works for You,Bill Burnett,"Burnett, Bill",Dave      Evans,"=""1784740241""","=""9781784740245""",0,Chatto & Windus,Paperback,240,2013,2016,,2021/01/17,did-not-finish,did-not-finish (#17),did-not-finish,,,,1,0
3109,The Omnivore's Dilemma: A Natural History of Four Meals,Michael Pollan,"Pollan, Michael",,"=""1594200823""","=""9781594200823""",0,The Penguin Press,Hardcover,450,2006,2006,,2020/07/14,did-not-finish,did-not-finish (#1),did-not-finish,,,,0,0
31170723,Behave: The Biology of Humans at Our Best and Worst,Robert M. Sapolsky,"Sapolsky, Robert M.",,"=""1594205078""","=""9781594205071""",0,Penguin Press,Hardcover,790,2017,2017,,2020/11/27,did-not-finish,did-not-finish (#2),did-not-finish,,,,0,0
49398072,When No One Is Watching,Alyssa Cole,"Cole, Alyssa",,"=""0062982656""","=""9780062982650""",0,William Morrow Paperbacks,Paperback,352,2020,2020,,2020/08/10,did-not-finish,did-not-finish (#11),did-not-finish,life is too short to finish this bitter book with too many eye-roll-worthy similes<br/><br/>i listened to 10% of it,,,1,0
883438,East of Eden,John Steinbeck,"Steinbeck, John",,"=""0140186395""","=""9780140186390""",0,Penguin Classics,Paperback,602,1992,1952,,2019/07/29,did-not-finish,did-not-finish (#7),did-not-finish,,,,0,0
28921,The Remains of the Day,Kazuo Ishiguro,"Ishiguro, Kazuo",,"=""""","=""""",0,Faber & Faber,Paperback,258,2005,1989,,2019/07/29,did-not-finish,did-not-finish (#18),did-not-finish,,,,1,0
238839217,８番出口,Genki Kawamura,"Kawamura, Genki",川村元気,"=""4910576045""","=""9784910576046""",0,水鈴社,Paperback,176,2025,2025,,2026/02/25,currently-reading,currently-reading (#2),currently-reading,,,,1,0
51957928,５分後に意外な結末 ③白い恐怖 (Japanese Edition),Gakken Education,"Education, Gakken",,"=""4052038975""","=""9784052038976""",0,学研プラス,Kindle Edition,165,2013,2013,,2026/02/18,currently-reading,currently-reading (#1),currently-reading,,,,1,0
423092,"The Fellowship of the Ring (The Lord of the Rings, #1)",J.R.R. Tolkien,"Tolkien, J.R.R.","Christopher Tolkien, Stephen Raw","=""0618002227""","=""9780618002221""",3,Mariner Books,Paperback,407,1994,1954,2020/06/14,2019/07/29,,,read,"June 2020 review: <br/>you need a good mental compass to navigate all the places they go. or consult the maps.<br/><br/>January 2026 review: <br/>Before revisiting Fellowship of the Ring, I thought that much like rewatching the movies, I would come to realize that these books are perfect masterpieces that only get better with each read. And while I did enjoy this first volume more this time, I still agree with my last review; the story is windy and often confusing, both in the actual journey of the fellowship and the worldbuilding. The depth of middle-earth's lore is a double-edged sword. The world feels very lived-in with great history and culture, but the specificity of place-names and lineages is overwhelming and often not necessary outside of an appendix or glossary. <br/><br/>Since reading the books for the first time in 2020, I've rewatched the films multiple times, watched two seasons of The Rings of Power, skimmed the Silmarillion, and read lots and lots of neat tidbits and whatever of lore. And I think it greatly contributed to my increased enjoyment when reading passages where before I might've glossed over them. I know who the Númenóreans are now. And Elendil and Celebrimor and others. In my mind-movie Elrond and Galadriel switch back and forth between their original and younger actors. <br/><br/>I feel like I'll get banned from Goodreads if I declare that I think the movies are better than the books, but I'll just say that there's a lot of things that the movies did that improves the clarity of The Lord of the Rings, both with the themes and the actual story.",,,2,1
119073,The Name of the Rose,Umberto Eco,"Eco, Umberto",William Weaver,"=""0156001314""","=""9780156001311""",0,Houghton Mifflin Harcourt,Paperback,552,1994,1980,,2026/02/03,to-read,to-read (#356),to-read,,,,0,0
125084292,"A City on Mars: Can We Settle Space, Should We Settle Space, and Have We Really Thought This Through?",Kelly Weinersmith,"Weinersmith, Kelly",Zach Weinersmith,"=""1984881736""","=""9781984881731""",0,Penguin Press,Kindle Edition,448,2023,2023,,2026/01/11,to-read,to-read (#355),to-read,,,,0,0
60840449,The Haar,David Sodergren,"Sodergren, David",,"=""""","=""""",0,Paperbacks and Pugs,Kindle Edition,206,2022,2022,,2026/01/10,to-read,to-read (#354),to-read,,,,0,0
220505376,"The Shining (The Shining, #1)",Stephen  King,"King, Stephen",,"=""""","=""""",5,Anchor,Kindle Edition,673,2024,1977,2025/12/28,2019/07/29,bookshelf-wishlist,bookshelf-wishlist (#15),read,"When you’re rereading a book and it’s just as good as you remember…<br/><br/>These characters are so good and their strengths and weaknesses are paired and utilized so effectively to increase the emotional tension, mistrust, anger, love, whatever. King’s writing is so punchy and when I read the dialogue I can really picture the characters or an actor preforming those lines. It makes an enjoyable movie in my brain.<br/><br/>My only real complaint is mostly a Stephen King complaint where there’s just too much weird ramblings and side info that sometimes seems like a obtuse advertisement for an airline that hasn’t existed in 40 years, but it kind of adds to the schizophrenia of Jack’s character. But adding a whole backstory for a Zippo lighter as if it’s relevant to know is kind of distracting to the action. <br/><br/>In my memory, this book was basically the same as the movie except with more detail, more party weirdness, more dogman, and the climax was a snowmobile chase. Of course the climax is very different and way better than that and even more cinematic than the movie. Probably my favorite horror novel and a perfect cozy warm book for winter. <br/><br/>Ghost stories can be scary but they’re much more frightening when they turn someone you love and trust into something terrifying. And those newfound horrors are not actually new at all but fringe feelings that have been simmering for years and passed down from father to son to son to son.",,,1,0
40277241,Brief Answers to the Big Questions,Stephen W. Hawking,"Hawking, Stephen W.",,"=""1984819194""","=""9781984819192""",0,Bantam,Hardcover,256,2018,2018,2025/12/11,2025/12/08,,,read,"The sun sets as I sip a few<br/>The sky turns a different hue farther from the color blue<br/>The nighttime has arrived, I recline for the evening<br/>I'm hawkin' down the next goal, the name's ain't Stephen<br/>I started in a nightmare so pinch me, I'm dreamin'<br/>I'm killin' off my demons 'cause my soul's worth redeemin'<br/><br/>why would denzel put a stephen hawking line in a song called WALKIN that’s kind of foul",,,1,0
25898216,Stamped from the Beginning: The Definitive History of Racist Ideas in America,Ibram X. Kendi,"Kendi, Ibram X.",,"=""1568584636""","=""9781568584638""",0,Bold Type Books,Hardcover,592,2016,2016,2025/12/05,2021/01/20,,,read,"My main takeaway through the book was that everyone, whether they are segregationists, assimilationists, or anti-racists, are lying hypocrites who are almost always looking out for themselves. And then in the epilogue Kendi says that the only effective way to end discrimination is to make powerful people believe that ending discrimination is in their own self interest; so maybe my reading comprehension skills have not fully rotted away just yet.<br/><br/>As someone who went through the public school system in a conservative area, it's kind of eye-opening to see how much assimilationist rhetoric I was taught. I also remember that in elementary school we were taught that the civil war was fought over the right to own slaves and then by middle school we learned it was <i>actually</i> about states' rights and slavery was just a little part of what states should be able to control. And then in high school we started to develop brains that could actually form their own opinions and we woke up.<br/><br/>I think that the book's organization and pacing is done well and although it's focused on race, Kendi knows that writing a compendium on racist ideas must address gender, sexuality, ethnicity, etc. Kendi's conclusion is a little depressing and could be interpreted as cynical, but it's also actionable and not devoid of hope.",,Listened to an audiobook version.,1,0
7790524,Perfume: The Story of a Murderer,Patrick Süskind,"Süskind, Patrick",John E. Woods,"=""0141041153""","=""9780141041155""",3,Penguin Books,Paperback,263,2010,1985,2025/12/04,2024/11/10,,,read,i like how weird it is but there's no conflict. isn't there supposed to be conflict? the volcano section was unexpected but i think it was my favorite part.,,,1,0
53215250,The Dangers of Smoking in Bed,Mariana Enriquez,"Enriquez, Mariana",Megan McDowell,"=""0593134079""","=""9780593134078""",0,Hogarth,Hardcover,208,2021,2009,,2025/12/01,to-read,to-read (#353),to-read,,,,0,0
472331,Watchmen,Alan             Moore,"Moore, Alan","Dave Gibbons, John    Higgins","=""0930289234""","=""9780930289232""",5,DC Comics,Paperback,416,2005,1987,2021/08/08,2021/07/19,bookshelf-wishlist,bookshelf-wishlist (#7),read,"original review Aug 8, 2021<br/>it’s too deep i can’t comprehend<br/><br/>edit Nov 28, 2025:<br/>I get it now.",,,2,0
23289,The Dead,James Joyce,"Joyce, James",,"=""""","=""9780974960906""",0,Melville House Publishing,Paperback,100,2011,1914,,2025/11/26,to-read,to-read (#352),to-read,,,,0,0
77142,Snow Falling on Cedars,David Guterson,"Guterson, David",,"=""067976402X""","=""9780679764021""",0,Vintage,Paperback,460,1995,1994,,2025/11/26,to-read,to-read (#351),to-read,,,,0,0
61358638,"Poverty, by America",Matthew Desmond,"Desmond, Matthew",,"=""0593239911""","=""9780593239919""",0,Crown,Hardcover,284,2023,2023,,2025/11/12,to-read,to-read (#350),to-read,,,,0,0
8889448,Blood Meridian: Or the Evening Redness in the West,Cormac McCarthy,"McCarthy, Cormac",,"=""""","=""""",0,Vintage,ebook,349,2010,1985,2025/11/05,2025/08/18,,,read,"All I know is that I have to reread this. Because I was so distracted by the incredible writing that I had a hard time following the story or the themes. He'll drop the most beautiful and then the most hellish sentence back to back. Some of my (many) favorite passages:<br/><br/><blockquote>You can find meanness in the least of creatures, but when God made man the devil was at his elbow. A creature that can do anything. Make a machine. And a machine to make the machine. And evil that can run itself a thousand years, no need to tend it. You believe that?<br/>I dont know.<br/>Believe that.<br/></blockquote><br/><br/><blockquote>The sun was just down and to the west lay reefs of bloodred clouds up out of which rose little desert nighthawks like fugitives from some great fire at the earth's end.</blockquote><br/><br/><blockquote>Hell aint half full. Hear me. Ye carry war of a madman's making onto a foreign land.</blockquote><br/><br/><blockquote>The shadows of the smallest stones lay like pencil lines across the sand and the shapes of the men and their mounts advanced elongate before them like strands of the night from which they'd ridden, like tentacles to bind them to the darkness yet to come.</blockquote><br/><br/><blockquote>The jagged mountains were pure blue in the dawn and everywhere birds twittered and the sun when it rose caught the moon in the west so that they lay opposed to each other across the earth, the sun whitehot and the moon a pale replica, as if they were the ends of a common bore beyond whose terminals burned worlds past all reckoning.</blockquote><br/><br/><blockquote>Under a gibbous moon horse and rider spanceled to their shadows on the snowblue ground and in each flare of lightning as the storm advanced those selfsame forms rearing with a terrible redundancy behind them like some third aspect of their presence hammered out black and wild upon the naked grounds. They rode on. They rode like men invested with a purpose whose origins were antecedent to them, like blood legatees of an order both imperative and remote. For although each man among them was discrete unto himself, conjoined they made a thing that had not been before and in the communal soul were wastes hardly reckonable more than those whited regions on old maps where monsters do live and where there is nothing other of the known world save conjectural winds.</blockquote><br/><br/><blockquote>Spectre horsemen, pale with dust, anonymous in the crenellated heat.</blockquote><br/><br/><blockquote>Under the hooves of the horses the alabaster sand shaped itself in whorls strangely symmetric like iron filings in a field and these shapes flared and drew back again, resonating upon the harmonic ground and then turning to swirl away over the playa. As if the very sediment of things contained yet some residue of sentience. As if in the transit of those riders were a thing so profoundly terrible as to register even to the uttermost granulation of reality.</blockquote><br/><br/><blockquote>I wonder if there's other worlds like this, he said. Or if this is the only one.</blockquote><br/><br/><blockquote>Men's memories are uncertain and the past that was differs little from the past that was not.</blockquote><br/><br/><blockquote>The truth about the world, he said, is that anything is possible. Had you not seen it all from birth and thereby bled it of its strangeness it would appear to you for what it is, a hat trick in a medicine show, a fevered dream, a trance bepopulate with chimeras having neither analogue nor precedent, an itinerant carnival, a migratory tentshow whose ultimate destination after many a pitch in many a mudded field is unspeakable and calamitous beyond reckoning.<br/>The universe is no narrow thing and the order within it is not constrained by any latitude in its conception to repeat what exists in one part in any other part. Even in this world more things exist without our knowledge than with it and the order in creation which you see is that which you have put there, like a string in a maze, so that you shall not lose your way. For existence has its own order and that no man's mind can compass, that mind itself being but a fact among others.</blockquote>",,,1,0
19776547,Essentialism: The Disciplined Pursuit of Less,Greg McKeown,"McKeown, Greg",,"=""0804137390""","=""9780804137393""",0,Crown Currency,Kindle Edition,290,2014,2011,,2025/10/16,to-read,to-read (#349),to-read,,,,0,0
166997,Stoner,John  Williams,"Williams, John",John McGahern,"=""1590171993""","=""9781590171998""",0,New York Review Books,Paperback,292,2006,1965,,2025/10/07,to-read,to-read (#348),to-read,,,,0,0
22328,Neuromancer (Sprawl #1),William Gibson,"Gibson, William",,"=""""","=""""",0,Ace Books,Mass Market Paperback,271,1985,1984,,2020/06/18,to-read,to-read (#45),to-read,,,,0,0
43465812,The Book of X,Sarah Rose Etter,"Etter, Sarah Rose",,"=""1937512819""","=""9781937512811""",0,Two Dollar Radio,Paperback,284,2019,2019,,2025/10/03,to-read,to-read (#347),to-read,,,,0,0
341631,"After the Ecstasy, the Laundry: How the Heart Grows Wise on the Spiritual Path",Jack Kornfield,"Kornfield, Jack",,"=""0553378295""","=""9780553378290""",4,Bantam,Paperback,336,2001,2000,2025/09/25,2025/09/15,,,read,I love the soft humor that’s interwoven throughout the book.,,,1,0
177148776,It Lasts Forever and Then It's Over,Anne de Marcken,"Marcken, Anne de",,"=""0811237850""","=""9780811237857""",0,New Directions,Paperback,128,2024,2024,,2025/09/21,to-read,to-read (#346),to-read,,,,0,0
198493735,The Last of His Kind: Clayton Kershaw and the Burden of Greatness,Andy McCullough,"McCullough, Andy",,"=""0306832593""","=""9780306832598""",0,Grand Central Publishing,Hardcover,400,2024,,,2025/09/18,to-read,to-read (#345),to-read,,,,0,0
195790716,"Red Dead's History: A Video Game, an Obsession, and America's Violent Past",Tore C. Olsson,"Olsson, Tore C.",,"=""1250287707""","=""9781250287700""",0,St. Martin's Press,Hardcover,288,2024,2024,,2025/09/18,to-read,to-read (#344),to-read,,,,0,0
215060349,Better Living Through Algorithms,Naomi Kritzer,"Kritzer, Naomi",,"=""""","=""""",0,Clarkesworld,ebook,13,2024,,,2025/09/15,to-read,to-read (#343),to-read,,,,0,0
127278133,Glorious Exploits,Ferdia  Lennon,"Lennon, Ferdia",,"=""1250893690""","=""9781250893697""",0,Henry Holt and Co.,Hardcover,304,2024,2024,,2025/09/13,to-read,to-read (#342),to-read,,,,0,0
54785515,Four Thousand Weeks: Time Management for Mortals,Oliver Burkeman,"Burkeman, Oliver",,"=""0374159122""","=""9780374159122""",4,"Farrar, Straus and Giroux",Hardcover,245,2021,2021,2025/09/11,2024/06/20,,,read,Yeah my bad I took 3 months to read this but I will be reading this again. It's actually interesting and has great references and makes me wanna look into it more. And the afterword is really funny and poignant because it answered the question I had throughout the whole book. Thanks.,,,1,0
2429135,"The Girl With the Dragon Tattoo (Millennium, #1)",Stieg Larsson,"Larsson, Stieg",Reg Keeland,"=""0670069019""","=""9780670069019""",2,Viking Canada,Hardcover,480,2008,2005,2025/09/11,2025/08/28,,,read,"It's very atmospheric. The main characters are not interesting. The interesting characters don't do anything. Also you can't say ""this isn't a possibility we'll rule it out"" and then have that impossibility become the solution if you know what I mean.",,,1,0
39945240,The Prophet (A Penguin Classics Hardcover),Kahlil Gibran,"Gibran, Kahlil",Rupi Kaur,"=""0143133586""","=""9780143133582""",2,Penguin Classics,Hardcover,128,2019,1923,2025/09/10,2021/01/15,,,read,I thought I might fall for it but the words felt empty.,,,1,0
218671839,"Strange Houses (Strange Houses, #1)",Uketsu,"Uketsu, Uketsu",Jim Rion,"=""006343315X""","=""9780063433151""",0,HarperVia,Paperback,203,2025,2021,,2025/09/07,to-read,to-read (#341),to-read,,,,0,0
53972214,When We Cease to Understand the World,Benjamín Labatut,"Labatut, Benjamín",Adrian Nathan West,"=""1782276122""","=""9781782276128""",0,Pushkin Press,Hardcover,192,2020,2020,,2025/09/04,to-read,to-read (#340),to-read,,,,0,0
68428,"Mistborn: The Final Empire (Mistborn, #1)",Brandon Sanderson,"Sanderson, Brandon",,"=""""","=""9780765311788""",3,Tor Books,Hardcover,541,2006,2006,2025/08/17,2025/07/19,,,read,"It's pretty okay. All the characters are meh, but I liked the action parts. The final 10 percent or so were exciting and I liked the twists and turns. I thought the political intrigue stuff was super boring when it could've been the most interesting aspect.",,,1,0
43612456,True Grit,Charles Portis,"Portis, Charles",,"=""""","=""""",3,The Overlook Press,Kindle Edition,228,2010,1968,2025/08/16,2025/07/19,,,read,A great narrator who never flinches. Deadpan prose that is intentionally unintentionally funny. 3.5 out of 5,,,1,0
217388147,The Hounding,Xenobe Purvis,"Purvis, Xenobe",,"=""1250366380""","=""9781250366382""",0,Henry Holt and Co.,Hardcover,240,2025,2025,,2025/08/10,to-read,to-read (#339),to-read,,,,0,0
217388187,How to Dodge a Cannonball,Dennard Dayle,"Dayle, Dennard",,"=""1250345677""","=""9781250345677""",0,Henry Holt and Co.,Hardcover,326,2025,2025,,2025/08/10,to-read,to-read (#338),to-read,,,,0,0
220160272,The Slip,Lucas Schaefer,"Schaefer, Lucas",,"=""1668030705""","=""9781668030707""",0,Simon & Schuster,Hardcover,496,2025,2025,,2025/08/10,to-read,to-read (#337),to-read,,,,0,0
18916453,Radically Condensed Instructions for Being Just as You Are,J. Jennifer Matthews,"Matthews, J. Jennifer",,"=""""","=""""",0,,Kindle Edition,73,2011,2011,,2025/08/01,to-read,to-read (#336),to-read,,,,0,0
17645,The Penelopiad,Margaret Atwood,"Atwood, Margaret",,"=""1841957178""","=""9781841957173""",4,Canongate U.S.,Hardcover,198,2005,2005,2025/08/01,2025/06/26,,,read,"It's less of a fleshed out story and more like a curated selection of ideas. I really like it. Anyone who reads The Odyssey will inevitably think ""what is wrong with this guy"" and Atwood both humanizes and interrogates Odysseus so we understand why Penelope remains faithful to him and also puts up with him. My favorite aspect is that the story is told by Penelope in the 21st century from Asphodel, and the bits of poetry are really haunting. It's a book you can read in one sitting, but adds a lot to the original text.",,,1,0
213870084,"One Day, Everyone Will Have Always Been Against This",Omar El Akkad,"Akkad, Omar El",,"=""0593804147""","=""9780593804148""",0,Knopf,Hardcover,208,2025,2025,,2025/07/31,to-read,to-read (#335),to-read,,,,0,0
32277642,The King in Yellow,Robert W. Chambers,"Chambers, Robert W.",,"=""153905344X""","=""9781539053446""",4,Createspace Independent Publishing Platform,Paperback,224,2016,1895,2025/07/28,2025/06/25,,,read,"I agree with the other reviews that say that the first 4 stories are the best. The concept of a play that makes people insane is really cool and the old-style of writing makes everything seem more haunting. Of the stories that are not of the first four, I like <i>The Demoiselle D'ys</i> the best. And then the last several stories are about American art students living in Paris, which I guess are not that popular from the reviews I read, but I find them similarly compelling in that they explore infatuation and obsession and madness without the catalyst being an otherworldly play. It is a large tonal shift, but I can see why these stories were put together.",,,1,0
208840291,The Serviceberry: Abundance and Reciprocity in the Natural World,Robin Wall Kimmerer,"Kimmerer, Robin Wall",John Burgoyne,"=""1668072246""","=""9781668072240""",0,Scribner,Hardcover,112,2024,2024,,2025/07/24,to-read,to-read (#334),to-read,,,,0,0
33917107,On Tyranny: Twenty Lessons from the Twentieth Century,Timothy Snyder,"Snyder, Timothy",,"=""0804190119""","=""9780804190114""",0,Tim Duggan Books,Paperback,127,2017,2017,,2025/07/24,to-read,to-read (#333),to-read,,,,0,0
457228,Butcher's Crossing,John  Williams,"Williams, John",Michelle Latiolais,"=""1590171985""","=""9781590171981""",0,New York Review Books,Paperback,274,2007,1960,,2025/07/19,to-read,to-read (#332),to-read,,,,0,0
34068470,The Odyssey,Homer,"Homer, Homer",Emily Wilson,"=""0393089053""","=""9780393089059""",0,W. W. Norton & Company,Hardcover,582,2017,-800,2025/07/19,2024/12/24,,,read,"So I've never read any other translation of The Odyssey, and I didn't know the story, but this poem was way less of a slog than I thought it would be. Emily Wilson's translation is great and so easy to read. <br/><br/>Odysseus is such a duplicitous (triplicitous? quadplicitous?) man. The whole story is brutality dressed up as nobility. <br/><br/>If I could give any note to Homer, it would be to not put the most exciting bits into dialogue from Odysseus...although now that I'm thinking about it, maybe him telling tales of a cyclops eating all his men is a LIE. Maybe he just makes up stories to everyone he meets to seem more heroic and to get back home.",,,1,0
338798,Ulysses,James Joyce,"Joyce, James","Morris L. Ernst, John M. Woolsey","=""""","=""""",0,Vintage,Paperback,783,1990,1922,,2025/06/26,to-read,to-read (#331),to-read,,,,0,0
60811826,I Who Have Never Known Men,Jacqueline Harpman,"Harpman, Jacqueline","Ros Schwartz, Sophie Mackintosh","=""1945492600""","=""9781945492600""",0,Transit Books,Paperback,173,2022,1995,,2025/06/22,to-read,to-read (#330),to-read,,,,0,0
199635125,Rejection,Tony Tulathimutte,"Tulathimutte, Tony",,"=""0063337878""","=""9780063337879""",4,William Morrow,Hardcover,272,2024,2024,2025/06/16,2024/12/21,,,read,"I can't believe what I'm reading!!! I've never been subjected to anything like this in my life. I really liked the first several stories, but once it grows self-aware, it eventually grows tiresome. But you can't say it doesn't go 110% every opportunity it has.",,,1,0
53180064,A Certain Hunger,Chelsea G. Summers,"Summers, Chelsea G.",,"=""""","=""""",5,Unnamed Press,Hardcover,240,2020,2019,2025/06/15,2020/08/10,bookshelf-wishlist,bookshelf-wishlist (#21),read,"I love how the title is so ambiguous. After the first chapter, you realize that “hunger” could be referring to just about anything.<br/><br/>It’s funny because you could open the book to a random page and think it’s a nonfiction about nutrition or cooking or agriculture. The main character is so well written; equal parts despicable and hilarious. She's able to read people so well and yet is so unempathetic.<br/><br/>The structure is great. Non-linear storytelling that pays off with a really surprisingly emotional penultimate chapter that really sums up Dorothy's motivations and thought processes.",,,1,0
40163119,Say Nothing: A True Story of Murder and Memory in Northern Ireland,Patrick Radden Keefe,"Keefe, Patrick Radden",,"=""0385521316""","=""9780385521314""",5,Doubleday,Hardcover,441,2019,2018,2021/07/18,2020/11/06,"bookshelf-wishlist, favorite","bookshelf-wishlist (#8), favorite (#6)",read,maybe the best nonfiction book i have ever read. v good with crazy stories about a conflict i can’t believe i never knew existed.<br/><br/>i thought this was going to be a true crime story but it quickly unfolded into a complete narrative nonfiction story about the IRA.,,,1,0
29044,The Secret History,Donna Tartt,"Tartt, Donna",,"=""1400031702""","=""9781400031702""",5,Vintage Books,Paperback,559,2004,1992,2023/12/23,2020/06/12,"bookshelf-wishlist, favorite","bookshelf-wishlist (#5), favorite (#5)",read,just fantastic writing. it’s like saltburn if it was good. emerald fennel definitely wanted to adapt this into a screenplay and got rejected by donna tartt,,,1,0
15839976,"Red Rising (Red Rising Saga, #1)",Pierce Brown,"Brown, Pierce",,"=""0345539788""","=""9780345539786""",2,Del Rey,Hardcover,382,2014,2014,2025/06/01,2025/05/11,,,read,"It's a mashup of every series I read (and liked) as a child. Harry Potter, Ender's Game, Maze Runner, Hunger Games, Dune, Percy Jackson, etc. I hope that Red Rising can be that kind of series for kids today, but I've already seen a hundred versions of this already, to the point where every story beat and twist was visible from a chapter away. And I found the lingo and the character names annoying and eye roll-inducing. Mustang, Dodge, Ram, bloodydamn, superDumb, whatEver.<br/><br/>That being said, I will probably read the sequels because this one scratched an itch in my brain for page-turning sci-fi rebellion stories. And I feel like the series will become more interesting now that we've completed the battle-royale-in-a-controlled-environment-while-rich-people-watch-from-above storyline.",,,1,0
195450005,Yr Dead,Sam Sax,"Sax, Sam",,"=""1952119995""","=""9781952119996""",4,McSweeney's Publishing,Hardcover,100,2024,2024,2025/05/11,2024/12/21,,,read,3.8<br/><br/>The narrator talks about and alludes to horrible things that happen everyday and still has a very nonchalant and resigned tone. It fits. I almost relate.,,,1,0
50885244,"The Handmaid's Tale (Handmaid's Tale, #1)",Margaret Atwood,"Atwood, Margaret",,"=""0099740915""","=""9780099740919""",4,Vintage Books,Paperback,320,2019,1985,,2019/07/29,,,read,,,,1,0
40121378,Atomic Habits: An Easy & Proven Way to Build Good Habits & Break Bad Ones,James Clear,"Clear, James",,"=""""","=""""",5,Avery,Kindle Edition,319,2018,2018,2020/06/29,2020/05/20,,,read,yep,,,2,0
40180098,The Overstory,Richard Powers,"Powers, Richard",,"=""039335668X""","=""9780393356687""",3,W.W. Norton & Company,Paperback,502,2019,2018,2025/05/01,2024/08/01,,,read,"3.5<br/><br/>Interesting to see when trees emerge into the consciousnesses of each of the characters. For some it’s a burden handed down by their fathers that they can’t escape, and for others the revelation arrives much later in life. Only once they’re physically immobilized; in a wheelchair, a jail cell, a bed, do they get the chance to notice.<br/><br/>I was waiting for a concrete message to emerge by the end. What’s the point? But of course the novel never gives us the satisfaction. The book is idealistic enough to have the characters fight wholeheartedly for trees while still undercutting their purpose with internal and external resistance. <br/><br/>The problem/blessing of having so many storylines is that you get every type of ending. An optimistic one, a cathartic one, a hopeless one… And although every person’s story ends a different way, the story of trees stays ongoing.<br/><br/>“People have no idea what time is. They think it’s a line, spinning out from three seconds behind them, then vanishing just as fast into three seconds of fog just ahead. They can’t see that time is one spreading ring wrapped around another, outward and outward until the thinnest skin of Now depends for its being on the enormous mass of everything that has already died.”",,,1,0
40740914,If Cats Disappeared from the World,Genki Kawamura,"Kawamura, Genki",Eric Selland,"=""1509889175""","=""9781509889174""",0,Picador,Paperback,202,2018,2012,,2025/03/31,to-read,to-read (#329),to-read,,,,0,0
43352954,This Is How You Lose the Time War,Amal El-Mohtar,"El-Mohtar, Amal",Max Gladstone,"=""""","=""""",5,Saga Press,ebook,209,2019,2019,2024/05/11,2024/03/03,"bookshelf-wishlist, favorite","bookshelf-wishlist (#4), favorite (#4)",read,a book to savor and read slowly,,,1,0
23841432,Night Sky with Exit Wounds,Ocean Vuong,"Vuong, Ocean",,"=""""","=""""",0,Copper Canyon Press,Paperback,89,2016,2016,2025/03/30,2021/02/24,,,read,"""Always another hour to kill -- only to beg some god to give it back.""",,,1,0
228691880,Giving Up Is Unforgivable: A Manual for Keeping a Democracy,Joyce Vance,"Vance, Joyce",,"=""""","=""9798217178124""",0,Dutton,Kindle Edition,208,2025,2025,,2025/03/29,to-read,to-read (#328),to-read,,,,0,0
60841708,The You You Are: A Spiritual Biography of You,Ricken Lazlo Hale,"Hale, Ricken Lazlo",,"=""""","=""""",0,Apple TV,ebook,39,2025,2022,2025/03/27,2025/03/06,,,read,,,,1,0
199456868,Whitney Biennial 2024: Even Better Than the Real Thing,Chrissie Iles,"Iles, Chrissie","Meg Onli, Eva Hayward, Amber Jamilla Musser","=""0300275870""","=""9780300275872""",0,Whitney Museum of American Art,Paperback,256,2024,,,2025/03/22,"to-read, bookshelf-wishlist","to-read (#327), bookshelf-wishlist (#20)",to-read,,,,0,0
75453617,100% Match,Patrick C. Harrison III,"III, Patrick C. Harrison",,"=""""","=""""",0,,Kindle Edition,96,2022,2022,,2025/03/06,to-read,to-read (#326),to-read,,,,0,0
60644263,Severance - The Lexington Letter,Anonymous,"Anonymous, Anonymous",,"=""""","=""""",0,Apple ,ebook,43,2022,2022,2025/03/06,2025/03/06,,,read,The work is mysterious and important.,,,1,0
6798263,Bluets,Maggie Nelson,"Nelson, Maggie",,"=""1933517409""","=""9781933517407""",0,Wave Books,Paperback,112,2009,2009,,2025/03/06,to-read,to-read (#325),to-read,,,,0,0
123008485,The Covenant of Water,Abraham   Verghese,"Verghese, Abraham",,"=""180471044X""","=""9781804710449""",4,Grove Press UK,Kindle Edition,795,2023,2023,2025/03/03,2024/05/27,,,read,"4.5 stars<br/><br/>Every author is a writer but not every author is also a doctor. I don’t usually like books that feature a main character who is an author, but it’s evident that this author is pouring his entire being and life experience into his characters, and Philipose’s writing is a key part of the story so I’ll forgive him. I'm sure that the characters were also informed by the thousands of patients that Verghese has seen over the course of his career as a doctor, and he does a great job at knowing when to explain anatomy literally and when to use metaphor and abstraction.<br/><br/>I don’t know if I’ve ever read a book where I love each character equally in this way. Each death or loss hits like a truck. Every character holds a collection of contradictions; faith, mysticism, and medicine all intertwine in a really beautiful way, and by the end of the book, some things that seem supernatural are explained through science, while others remain inexplicable.<br/><br/>It’s really engaging but it’s sooo long. I was getting tired by the halfway mark but I thought that if I took an extended break from the book, I might forget all of the characters.<br/><br/>I was initially confused at the final familial reveal, but as the last few chapters progressed and it all got explained, my heart broke into a million little pieces.<br/><br/>Big recommendation from me if you wanna train your attention span.",,,1,0
29082615,The Rings of Saturn,W.G. Sebald,"Sebald, W.G.",Michael Hulse,"=""0811226158""","=""9780811226158""",0,New Directions,Paperback,296,2016,1995,,2025/01/21,to-read,to-read (#324),to-read,,,,0,0
56269278,The Trees,Percival Everett,"Everett, Percival",,"=""164445064X""","=""9781644450642""",0,Graywolf Press,Paperback,309,2021,2021,,2025/01/16,to-read,to-read (#323),to-read,,,,0,0
339472,The Master and Margarita,Mikhail Bulgakov,"Bulgakov, Mikhail",Mirra Ginsburg,"=""""","=""""",0,Grove Press,Paperback,402,1994,1967,2025/01/15,2020/06/02,,,read,i enjoyed the last five or so chapters. very wholesome. also big cat.,,,1,0
61884779,The Salt Grows Heavy,Cassandra Khaw,"Khaw, Cassandra",,"=""1250830915""","=""9781250830913""",4,Tor Nightfire,Hardcover,106,2023,2023,2025/01/07,2023/10/26,,,read,"<br/>the writing is both overly descriptive and not descriptive at all. the actions of characters are not described but the effects of their movement are. (“…a girl explodes from the taiga, lips peeled back from yellow incisors, her hair a storm. Black tendrils whirl and writhe along the thin white blades of her shoulders, crawl into a grimace.”) each sentence become a small puzzle that you put together and it creates super interesting imagery. it would be very tiring over the length of 200+ pages but luckily this book is short enough.<br/><br/>“Her flesh unravels, rolls up like a tattered sleeve. Blood gouts, freezing to rubies before it can find the ground.”",,,1,0
44146682,Parade,Hiromi Kawakami,"Kawakami, Hiromi",Allison Markin Powell,"=""1593765800""","=""9781593765804""",4,Soft Skull,Paperback,96,2019,2004,2024/12/29,2024/12/29,,,read,i like tengu and i like this book. i especially liked the illustrations of the mobile ,,,1,0
18283207,Strange Weather in Tokyo,Hiromi Kawakami,"Kawakami, Hiromi",Allison Markin Powell,"=""1846275083""","=""9781846275081""",0,Portobello Books,Paperback,176,2013,2001,2024/12/29,2024/12/22,,,read,"i relate hard with her hatred of the giants<br/><br/>fav quotes:<br/><br/>Sensei . . . Sensei, do you ever feel lonely? The question popped out as the two of us walked side by side, both facing forward. “I felt lonely when I hurt my butt,” Sensei replied.<br/><br/>A crow cried from atop a utility pole. Caw, caw, caw, caw, it called, sounding just like a crow.<br/><br/>The game on the broadcast was the Yomiuri Giants versus the Hanshin Tigers. I don’t have a favorite team, but to tell the truth, I hate the Giants. I used to openly proclaim myself “anti-Giants.” But one time, someone pointed out that being “anti-Giants” was really just a backward strategy for those who were so stubborn they couldn’t bring themselves to say that they liked the Giants. Something about this resonated with me, and, since then, I have refrained from even uttering the dreaded name, “Giants.”<br/><br/>Often when I was alone, such were the contents of my head. Random thoughts about the Wilkinson brand or a European trip from the distant past would bubble up in my mind, like effervescent carbonation, and continue their wistful proliferation. I was still naked, standing idly in front of the full-length mirror. I had a habit of acting as though I were having a conversation with someone beside me—with the me who was not really right there beside me—as if to validate these random effervescences.<br/><br/>Dejected, I went to the bathroom and did my business vigorously.<br/><br/>Knock-knock. It’s your mother. Open the door, dear little goats. I am not the wolf. Look how white my paw is. Sensei simply opened the door, without bothering to look at my paw first.",,,1,0
35396824,The People in the Trees,Hanya Yanagihara,"Yanagihara, Hanya",,"=""0345803310""","=""9780345803313""",5,Anchor Books,Paperback,476,2017,2013,,2019/07/29,"favorite, bookshelf-wishlist","favorite (#1), bookshelf-wishlist (#17)",read,,,,1,0
209594864,Havoc,Christopher Bollen,"Bollen, Christopher",,"=""0063378892""","=""9780063378896""",0,Harper,Hardcover,256,2024,2024,,2024/12/26,to-read,to-read (#322),to-read,,,,0,0
203163914,House of Bone and Rain,Gabino Iglesias,"Iglesias, Gabino",,"=""0316427012""","=""9780316427012""",4,"Little, Brown and Company",Hardcover,345,2024,2024,2024/12/23,2024/08/02,,,read,really easy read with good pacing and the chapters were the perfect length and the ending was the right amount of resolved/unresolvedness,,,1,0
197063642,Prophet Song,Paul    Lynch,"Lynch, Paul",,"=""0802163017""","=""9780802163011""",0,Grove/Atlantic,Hardcover,309,2023,2023,,2024/05/27,,,read,,,,1,0
27161964,Gratitude,Oliver Sacks,"Sacks, Oliver",,"=""0345811364""","=""9780345811363""",0,Knopf Canada,Hardcover,49,2015,2015,2024/12/22,2021/01/12,,,read,,,,1,0
195945776,Ankle Snatcher,Grady Hendrix,"Hendrix, Grady",,"=""166251705X""","=""9781662517051""",2,Amazon Original Stories,Kindle Edition,28,2023,2023,2024/12/22,2024/09/16,,,read,it was actually terrifying until it started making me laugh.,,,1,0
32567666,What is Metaphysics?,Martin Heidegger,"Heidegger, Martin",,"=""""","=""""",0,Jovian Press,Kindle Edition,30,2016,1929,2024/12/22,2020/07/08,philosophy,philosophy (#6),read,"in response to heidegger’s assertion that science assumes an absolute truth, i wonder what he would’ve thought about quantum physics.<br/><br/>also, i’m pretty sure science does not assume an absolute truth?",,,1,0
27272418,"Almighty: Courage, Resistance, and Existential Peril in the Nuclear Age",Dan Zak,"Zak, Dan",,"=""0399173757""","=""9780399173752""",0,Blue Rider Press,Hardcover,416,2016,,,2024/10/20,to-read,to-read (#306),to-read,,,,0,0
199795387,The Heart in Winter,Kevin Barry,"Barry, Kevin",,"=""0385550596""","=""9780385550598""",0,Doubleday,Hardcover,256,2024,2024,,2024/12/21,to-read,to-read (#321),to-read,,,,0,0
173754979,James,Percival Everett,"Everett, Percival",,"=""0385550367""","=""9780385550369""",0,Knopf Doubleday,Hardcover,303,2024,2024,,2024/12/21,to-read,to-read (#320),to-read,,,,0,0
150778765,Help Wanted,Adelle Waldman,"Waldman, Adelle",,"=""132402044X""","=""9781324020448""",0,W. W. Norton & Company,Hardcover,288,2024,2024,,2024/12/21,to-read,to-read (#319),to-read,,,,0,0
209891406,Our Evenings,Alan Hollinghurst,"Hollinghurst, Alan",,"=""0593243064""","=""9780593243060""",0,Random House,Hardcover,487,2024,2024,,2024/12/21,to-read,to-read (#318),to-read,,,,0,0
57800389,Mexican Gothic,Silvia Moreno-Garcia,"Moreno-Garcia, Silvia",,"=""052562080X""","=""9780525620808""",0,Del Rey,Paperback,301,2021,2020,,2021/08/01,to-read,to-read (#201),to-read,,,,0,0
4948826,Sum: Forty Tales from the Afterlives,David Eagleman,"Eagleman, David",,"=""0307377342""","=""9780307377340""",0,Pantheon,Hardcover,110,2009,2009,,2024/12/18,to-read,to-read (#317),to-read,,,,0,0
17333223,The Goldfinch,Donna Tartt,"Tartt, Donna",,"=""0316055433""","=""9780316055437""",3,"Little, Brown",Hardcover,771,2013,2013,2024/12/12,2024/07/13,,,read,"this book could've been thirty percent shorter and still have the same effect, but it was cool to see each of the characters act as the little angel/devil on theo's shoulder. i also love the descriptions of the painting to convey how much of a hold that art can have on a person.",,,1,0
204927599,Nexus: A Brief History of Information Networks from the Stone Age to AI,Yuval Noah Harari,"Harari, Yuval Noah",,"=""059373422X""","=""9780593734223""",0,Random House,Hardcover,528,2024,2024,,2024/12/08,to-read,to-read (#316),to-read,,,,0,0
201751300,The Bookshop: A History of the American Bookstore,Evan Friss,"Friss, Evan",,"=""0593299922""","=""9780593299920""",0,Viking,Hardcover,416,2024,2024,,2024/12/08,to-read,to-read (#315),to-read,,,,0,0
207567691,"American Scary: A History of Horror, from Salem to Stephen King and Beyond",Jeremy Dauber,"Dauber, Jeremy",,"=""1643753568""","=""9781643753560""",0,Algonquin Books,Hardcover,480,2024,2024,,2024/12/08,to-read,to-read (#314),to-read,,,,0,0
44244939,Fifth Sun: A New History of the Aztecs,Camilla Townsend,"Townsend, Camilla",,"=""0190673060""","=""9780190673062""",0,Oxford University Press,Hardcover,336,2019,2019,,2024/12/03,to-read,to-read (#313),to-read,,,,0,0
120778484,Climatic Architecture: Philippe Rahm architectes,Philippe Rahm,"Rahm, Philippe",,"=""1638400393""","=""9781638400394""",0,Actar,Hardcover,360,2023,,,2024/12/02,"to-read, bookshelf-wishlist","to-read (#312), bookshelf-wishlist (#19)",to-read,,,,0,0
216875430,Not a Speck of Light: Stories,Laird Barron,"Barron, Laird",,"=""""","=""9798218036065""",0,"Bad Hand Books, LLC",Paperback,372,2024,2024,,2024/11/26,to-read,to-read (#311),to-read,,,,0,0
127282302,With My Back to the World: Poems,Victoria Chang,"Chang, Victoria",,"=""0374611130""","=""9780374611132""",0,"Farrar, Straus and Giroux",Hardcover,112,2024,2024,,2024/11/26,to-read,to-read (#310),to-read,,,,0,0
46041168,Hurricane Season,Fernanda Melchor,"Melchor, Fernanda",Sophie Hughes,"=""0811228037""","=""9780811228039""",0,New Directions,Hardcover,224,2020,2017,2024/11/13,2021/05/24,,,read,pushing the boundaries of what my eyeballs can handle,,,1,0
6759,Infinite Jest,David Foster Wallace,"Wallace, David Foster",,"=""""","=""""",0,Back Bay Books,Paperback,1088,2005,1996,,2024/11/10,to-read,to-read (#309),to-read,,,,0,0
1950052,"Ender's Game (Ender's Saga, #1)",Orson Scott Card,"Card, Orson Scott",,"=""0812533569""","=""9780812533569""",5,Tor Books,Hardcover,256,1985,1985,,2020/07/13,bookshelf-wishlist,bookshelf-wishlist (#16),read,,,,1,0
42410904,"The Hitchhiker's Guide to the Galaxy (Hitchhiker's Guide, #1)",Douglas Adams,"Adams, Douglas",,"=""""","=""""",5,Del Rey,ebook,208,2007,1979,2019/07/29,2019/07/29,bookshelf-wishlist,bookshelf-wishlist (#14),read,,,,2,0
45695810,A Gentleman in Moscow,Amor Towles,"Towles, Amor",,"=""""","=""""",5,Penguin Books,ebook,466,2016,2016,2020/07/13,2020/05/21,bookshelf-wishlist,bookshelf-wishlist (#13),read,,,,1,0
38058832,The Memory Police,Yōko Ogawa,"Ogawa, Yōko",Stephen    Snyder,"=""1101870613""","=""9781101870617""",4,Pantheon,Kindle Edition,288,2019,1994,2020/11/04,2020/06/04,bookshelf-wishlist,bookshelf-wishlist (#12),read,,,,1,0
17934530,"Annihilation (Southern Reach, #1)",Jeff Vandermeer,"Vandermeer, Jeff",,"=""0374104093""","=""9780374104092""",5,"Farrar, Straus and Giroux",Paperback,195,2014,2014,2021/01/02,2020/05/20,bookshelf-wishlist,bookshelf-wishlist (#11),read,wowee. i do not actually remember the last time a book freaked me out. i kept looking behind me because i felt that someone was watching. really nicely written too. 4.68 stars.,,,1,0
24885533,The Paper Menagerie and Other Stories,Ken Liu,"Liu, Ken",,"=""1481442546""","=""9781481442541""",5,Gallery / Saga Press,Hardcover,450,2016,2016,2021/04/21,2020/05/20,bookshelf-wishlist,bookshelf-wishlist (#10),read,,,,1,0
42946966,Drive Your Plow Over the Bones of the Dead,Olga Tokarczuk,"Tokarczuk, Olga",Antonia Lloyd-Jones,"=""0525541357""","=""9780525541356""",4,Riverhead Books,Kindle Edition,275,2019,2009,2021/06/22,2020/11/06,bookshelf-wishlist,bookshelf-wishlist (#9),read,,,,1,0
17061,Coraline,Neil Gaiman,"Gaiman, Neil",Dave McKean,"=""0061139378""","=""9780061139376""",5,William Morrow Paperbacks,Paperback,208,2006,2002,2021/07/27,2021/07/25,bookshelf-wishlist,bookshelf-wishlist (#18),read,"obviously 5 stars. favorite book+movie pairings: jurassic park, the shining, coraline",,,1,0
168668,Catch-22,Joseph Heller,"Heller, Joseph",,"=""0684833395""","=""9780684833392""",3,Simon & Schuster ,Paperback,453,2004,1961,2021/11/21,2019/07/29,bookshelf-wishlist,bookshelf-wishlist (#6),read,3.62 stars. could have been shorter but v funny but also v intense and sad and serious,,,1,0
40604658,"Jurassic Park (Jurassic Park, #1)",Michael Crichton,"Crichton, Michael",,"=""0307763056""","=""9780307763051""",5,Ballantine Books,Kindle Edition,466,2012,1990,,2020/05/22,"favorite, bookshelf-wishlist","favorite (#3), bookshelf-wishlist (#3)",read,"my fav book all time, so good",,,1,0
13259261,The Illustrated Man,Ray Bradbury,"Bradbury, Ray",,"=""1451678185""","=""9781451678185""",5,Simon and Schuster,Paperback,281,2012,1951,,2019/07/29,"favorite, bookshelf-wishlist","favorite (#2), bookshelf-wishlist (#2)",read,,,,1,0
50202953,Piranesi,Susanna Clarke,"Clarke, Susanna",,"=""163557563X""","=""9781635575637""",0,Bloomsbury,Hardcover,245,2020,2020,2023/12/29,2021/07/15,bookshelf-wishlist,bookshelf-wishlist (#1),read,,,,1,0
8171378,The Warmth of Other Suns: The Epic Story of America's Great Migration,Isabel Wilkerson,"Wilkerson, Isabel",,"=""0679444327""","=""9780679444329""",0,Random House,Hardcover,640,2010,2010,,2024/10/20,to-read,to-read (#308),to-read,,,,0,0
1553915,The Last Cowboy,Jane Kramer,"Kramer, Jane",,"=""1135180733""","=""9780060124540""",0,Harper & Row,Hardcover,148,1998,1988,,2024/10/20,to-read,to-read (#307),to-read,,,,0,0
12802037,Anatomy of Injustice: A Murder Case Gone Wrong,Raymond Bonner,"Bonner, Raymond",,"=""0307957365""","=""9780307957368""",0,Vintage,Kindle Edition,320,2012,2012,,2024/10/20,to-read,to-read (#305),to-read,,,,0,0
567678,The Wasp Factory,Iain Banks,"Banks, Iain",,"=""""","=""""",0,Simon & Schuster (NYC),Paperback,184,1998,1984,,2024/10/20,to-read,to-read (#304),to-read,,,,0,0
58784475,"Tomorrow, and Tomorrow, and Tomorrow",Gabrielle Zevin,"Zevin, Gabrielle",,"=""0735243344""","=""9780735243347""",3,Knopf,Hardcover,399,2022,2022,2024/10/01,2024/07/13,,,read,the dialogue was so cringe i almost quit after the first chapter but i decided to give it a chance because i wanted to see what would happen to sam. decent read,,,1,0
158875813,Prophet Song,Paul    Lynch,"Lynch, Paul",,"=""""","=""""",4,Oneworld Publications,ebook,259,2023,2023,2024/09/16,2024/08/18,,,read,maybe the bleakest book i’ve ever read,,,1,0
34326633,"Dune Messiah (Dune, #2)",Frank Patrick Herbert,"Herbert, Frank Patrick",,"=""""","=""""",0,Hodder,Paperback,304,2017,1969,2024/08/18,2024/07/23,,,read,"My favorite part of Dune is the political intrigue, people-reading, and the omniscient narrator, and Dune Messiah is just more of that.",,,1,0
58536046,Why Has Nobody Told Me This Before?,Julie      Smith,"Smith, Julie",,"=""0063227932""","=""9780063227934""",0,HarperOne,Hardcover,368,2022,2022,2024/08/13,2024/03/11,,,read,everything that a therapist has ever told me is in this book.,,,1,0
150246211,The Algebra of Wealth: A Simple Formula for Financial Security,Scott Galloway,"Galloway, Scott",,"=""0593714024""","=""9780593714027""",0,Portfolio,Hardcover,304,2024,2024,,2024/08/07,to-read,to-read (#303),to-read,,,,0,0
202102022,The Hypocrite,Jo Hamya,"Hamya, Jo",,"=""0593701038""","=""9780593701034""",0,Pantheon,Hardcover,240,2024,2024,,2024/08/05,to-read,to-read (#302),to-read,,,,0,0
199454353,Mystery Lights,Lena Valencia,"Valencia, Lena",,"=""1959030620""","=""9781959030621""",0,Tin House,Paperback,256,2024,2024,,2024/08/05,to-read,to-read (#301),to-read,,,,0,0
62232551,"The Sacred Balance, 25th anniversary edition: Rediscovering Our Place in Nature (Foreword by Robin Wall Kimmerer)",David Suzuki,"Suzuki, David","Robin Wall Kimmerer, Bill McKibben","=""1771649860""","=""9781771649865""",0,Greystone Books,Paperback,390,2022,1997,,2024/08/02,to-read,to-read (#300),to-read,,,,0,0
195791689,Hum,Helen          Phillips,"Phillips, Helen",,"=""1668008831""","=""9781668008836""",0,Scribner,Hardcover,272,2024,2024,,2024/08/02,to-read,to-read (#299),to-read,,,,0,0
202102084,Lady Macbeth,Ava Reid,"Reid, Ava",,"=""0593722566""","=""9780593722565""",0,Del Rey,Hardcover,295,2024,2024,,2024/08/02,to-read,to-read (#298),to-read,,,,0,0
202468410,The Volcano Daughters,Gina María Balibrera,"Balibrera, Gina María",,"=""0593317238""","=""9780593317235""",0,Pantheon,Hardcover,368,2024,2024,,2024/08/02,to-read,to-read (#297),to-read,,,,0,0
60143381,Unsettling: Surviving Extinction Together,Elizabeth Weinberg,"Weinberg, Elizabeth",,"=""1506482058""","=""9781506482057""",0,Broadleaf Books,Hardcover,201,2022,,2024/08/01,2024/07/23,,,read,great memoir + essay combo about queer identity and human identity within our world. i thought it had a good balance of being real about how shit we have made the world and showing the beauty that still exists and why we should protect it.,,,1,0
202102049,Mina's Matchbox,Yōko Ogawa,"Ogawa, Yōko",Stephen    Snyder,"=""0593316088""","=""9780593316085""",0,Pantheon,Hardcover,282,2024,2006,,2024/07/23,to-read,to-read (#296),to-read,,,,0,0
20447658,The Zone of Interest,Martin Amis,"Amis, Martin",,"=""0385353499""","=""9780385353496""",4,Knopf,Hardcover,306,2014,2014,2024/07/23,2024/01/14,,,read,"smartly written. the terror lives just beneath the surface, masked by banal bureaucracy and willful ignorance. it's interesting to see the differences in how each of these three morally broken characters come to terms with their crimes and what prompted them to look at themselves critically.",,,1,0
25387716,Memory Theater,Simon Critchley,"Critchley, Simon",,"=""1590517406""","=""9781590517406""",0,Other Press,Hardcover,112,2015,2014,2024/07/21,2021/11/21,,,read,this is how i thought my philosophy professors were like,,,1,0
35036409,"My Brilliant Friend (Neapolitan Novels, #1)",Elena Ferrante,"Ferrante, Elena",Ann Goldstein,"=""""","=""""",0,Penguin Random House ,Paperback,331,2012,2011,,2024/07/13,to-read,to-read (#295),to-read,,,,0,0
61686012,Greek Lessons,Han Kang,"Kang, Han","Deborah     Smith, Emily Yae Won","=""0593595270""","=""9780593595275""",0,Hogarth,Hardcover,192,2023,2011,2024/06/18,2024/05/12,,,read,,,,1,0
13588433,The Half-life of Facts: Why Everything We Know Has an Expiration Date,Samuel Arbesman,"Arbesman, Samuel",,"=""159184472X""","=""9781591844723""",0,Current,Hardcover,256,2012,2012,,2024/06/18,to-read,to-read (#294),to-read,,,,0,0
174039288,We Loved It All: A Memory of Life,Lydia Millet,"Millet, Lydia",,"=""1324073659""","=""9781324073659""",0,W. W. Norton & Company,Hardcover,272,2024,2024,,2024/06/08,to-read,to-read (#293),to-read,,,,0,0
127282939,Beautyland,Marie-Helene Bertino,"Bertino, Marie-Helene",,"=""0374109281""","=""9780374109288""",0,"Farrar, Straus and Giroux",Hardcover,327,2024,2024,,2024/06/08,to-read,to-read (#292),to-read,,,,0,0
139400713,Martyr!,Kaveh Akbar,"Akbar, Kaveh",,"=""0593537610""","=""9780593537619""",0,Knopf,Hardcover,331,2024,2024,,2024/06/08,to-read,to-read (#291),to-read,,,,0,0
181346634,There's Always This Year: On Basketball and Ascension,Hanif Abdurraqib,"Abdurraqib, Hanif",,"=""0593448790""","=""9780593448793""",0,Random House,Hardcover,334,2024,2024,,2024/06/08,to-read,to-read (#290),to-read,,,,0,0
65215321,Blackouts,Justin Torres,"Torres, Justin",,"=""0374293570""","=""9780374293574""",0,"Farrar, Straus and Giroux",Hardcover,306,2023,2023,,2024/05/27,to-read,to-read (#289),to-read,,,,0,0
39082248,"Moon of the Crusted Snow (Moon, #1)",Waubgeshig Rice,"Rice, Waubgeshig",,"=""1770414002""","=""9781770414006""",0,ECW Press,Paperback,218,2018,2018,,2024/05/27,to-read,to-read (#288),to-read,,,,0,0
123847255,The Bullet Swallower,Elizabeth Gonzalez James,"James, Elizabeth Gonzalez",,"=""1668009323""","=""9781668009321""",0,Simon & Schuster,Hardcover,272,2024,2024,,2024/05/20,to-read,to-read (#287),to-read,,,,0,0
58210933,Trust,Hernan Diaz,"Diaz, Hernan",,"=""""","=""""",0,Riverhead Books,Hardcover,402,2022,2022,,2024/05/20,to-read,to-read (#286),to-read,,,,0,0
29889255,"Dune (Dune Chronicles, #1)",Frank Patrick Herbert,"Herbert, Frank Patrick","Brian Herbert, Neil Gaiman","=""0143111582""","=""9780143111580""",0,Penguin Classics,Hardcover,694,2016,1965,2021/01/05,2019/07/29,,,read,6 stars,,,2,0
195790649,Very Bad Company,Emma Rosenblum,"Rosenblum, Emma",,"=""1250906555""","=""9781250906557""",0,Flatiron Books,Hardcover,272,2024,2024,,2024/05/02,to-read,to-read (#285),to-read,,,,0,0
199056181,The Skunks,Fiona Warnick,"Warnick, Fiona",,"=""1959030612""","=""9781959030614""",0,Tin House Books,Paperback,240,2024,2024,,2024/05/02,to-read,to-read (#284),to-read,,,,0,0
177772570,Shanghailanders,Juli Min,"Min, Juli",,"=""1954118600""","=""9781954118607""",0,Spiegel & Grau,Hardcover,288,2024,2024,,2024/05/02,to-read,to-read (#283),to-read,,,,0,0
51791252,The Vanishing Half,Brit Bennett,"Bennett, Brit",,"=""0525536299""","=""9780525536291""",4,Riverhead Books,Hardcover,343,2020,2020,2024/04/29,2024/04/24,,,read,"secrets, family, betrayal, blood",,,1,0
52950915,Die with Zero: Getting All You Can from Your Money and Your Life,Bill  Perkins,"Perkins, Bill",,"=""0358099765""","=""9780358099765""",0,Houghton Mifflin Harcourt,Hardcover,240,2020,2020,,2024/03/30,to-read,to-read (#282),to-read,,,,0,0
46016436,"The Thursday Murder Club (Thursday Murder Club, #1)",Richard Osman,"Osman, Richard",,"=""0241425441""","=""9780241425442""",0,Penguin Viking,Hardcover,377,2020,2020,,2021/04/09,to-read,to-read (#177),to-read,,,,0,0
65213922,Last to Leave the Room,Caitlin  Starling,"Starling, Caitlin",,"=""1250282616""","=""9781250282613""",0,St. Martin's Press,Hardcover,312,2023,2023,2024/03/03,2023/10/26,,,read,,,,1,0
28012,Authentic Happiness: Using the New Positive Psychology to Realize Your Potential for Lasting Fulfillment,Martin E.P. Seligman,"Seligman, Martin E.P.",,"=""0743222989""","=""9780743222983""",0,Simon Element / Simon Acumen,Paperback,336,2004,2002,,2024/02/07,to-read,to-read (#281),to-read,,,,0,0
40147915,Where Reasons End,Yiyun Li,"Li, Yiyun",,"=""198481737X""","=""9781984817372""",0,Random House,Hardcover,170,2019,2019,2024/02/04,2021/12/21,,,read,,,,1,0
58476152,Lesser Known Monsters of the 21st Century,Kim Fu,"Fu, Kim",,"=""1951142993""","=""9781951142995""",0,Tin House,Paperback,232,2022,2022,2024/02/04,2023/12/21,,,read,,,,1,0
20758127,What We See When We Read,Peter Mendelsund,"Mendelsund, Peter",,"=""0804171637""","=""9780804171632""",0,Vintage,Paperback,425,2014,2014,,2024/01/14,to-read,to-read (#280),to-read,,,,0,0
2272880,The Drunkard's Walk: How Randomness Rules Our Lives,Leonard Mlodinow,"Mlodinow, Leonard",,"=""0375424040""","=""9780375424045""",0,Pantheon Books,Hardcover,252,2008,2008,,2023/12/21,to-read,to-read (#279),to-read,,,,0,0
58950713,How to Be Eaten,Maria Adelmann,"Adelmann, Maria",,"=""0316450847""","=""9780316450843""",0,"Little, Brown and Company",Hardcover,291,2022,2022,,2023/12/21,to-read,to-read (#278),to-read,,,,0,0
57693570,A Tiny Upward Shove,Melissa Chadburn,"Chadburn, Melissa",,"=""0374277753""","=""9780374277758""",0,"Farrar, Straus and Giroux",Hardcover,352,2022,2022,,2023/12/21,to-read,to-read (#277),to-read,,,,0,0
17333261,The Abominable,Dan Simmons,"Simmons, Dan",,"=""0316198838""","=""9780316198837""",0,"Little, Brown and Company",Hardcover,663,2013,2013,,2023/12/21,to-read,to-read (#276),to-read,,,,0,0
57771220,Rouge Street: Three Novellas,Shuang Xuetao,"Xuetao, Shuang",Jeremy Tiang,"=""1250835879""","=""9781250835871""",0,Metropolitan Books,Hardcover,240,2022,2022,,2023/12/21,to-read,to-read (#275),to-read,,,,0,0
6596,The Four Agreements: A Practical Guide to Personal Freedom,Miguel Ruiz,"Ruiz, Miguel",Janet Mills,"=""1878424505""","=""9781878424501""",0,Amber-Allen Publishing,Hardcover,152,2001,1997,2023/11/22,2023/08/22,,,read,hmmm i like the agreements themselves but the rest doesn’t connect with me,,,1,0
25561888,"The Decagon House Murders (House Murders, #1)",Yukito Ayatsuji,"Ayatsuji, Yukito","Ho-Ling Wong, Sōji Shimada","=""1508503737""","=""9781508503736""",4,Locked Room International,Paperback,228,2015,1987,2023/11/22,2023/11/11,,,read,solid murder mystery and love how you can base it off a classic agatha christie novel and still make it interesting,,,1,0
58837535,Yoga,Emmanuel Carrère,"Carrère, Emmanuel",John Lambert,"=""0374604940""","=""9780374604943""",0,"Farrar, Straus and Giroux",Hardcover,352,2022,2020,,2023/11/13,to-read,to-read (#274),to-read,,,,0,0
9361589,The Night Circus,Erin Morgenstern,"Morgenstern, Erin",,"=""""","=""9780385534635""",4,Doubleday,Hardcover,506,2011,2011,2023/11/11,2023/09/30,,,read,"the writing is so nice. it’s such a good book to fall asleep to. the plot though, is very light. which i found to be okay",,,1,0
58848151,The Trayvon Generation,Elizabeth Alexander,"Alexander, Elizabeth",,"=""1538737892""","=""9781538737897""",0,Grand Central Publishing,Hardcover,146,2022,2022,2023/11/11,2023/07/24,,,read,listened to the audiobook which is read by the author. it’s a short listen but so concentrated in its messaging. definitely needs a second listen,,,1,0
43868109,Empire of Pain: The Secret History of the Sackler Dynasty,Patrick Radden Keefe,"Keefe, Patrick Radden",,"=""0385545681""","=""9780385545686""",4,Doubleday,Hardcover,535,2021,2021,2022/08/23,2022/07/30,,,read,"best nonfiction writer i've ever read. not as action packed as Say Nothing, but still incredible",,,1,0
60321447,Chip War: The Fight for the World's Most Critical Technology,Chris   Miller,"Miller, Chris",,"=""1982172002""","=""9781982172008""",0,Scribner,Hardcover,431,2022,2022,,2023/11/06,to-read,to-read (#273),to-read,,,,0,0
60243188,Bliss Montage,Ling  Ma,"Ma, Ling",,"=""0374293511""","=""9780374293512""",0,"Farrar, Straus and Giroux",Hardcover,228,2022,2022,,2023/11/04,to-read,to-read (#272),to-read,,,,0,0
60177373,Fairy Tale,Stephen  King,"King, Stephen",,"=""1668002175""","=""9781668002179""",2,Scribner,Hardcover,607,2022,2022,2023/11/02,2023/10/20,,,read,"meh. so bloated. and if u create a fantastical world like this, why doesn’t the main character get cool powers or a cool weapon why does he SHOOT EVERYTHING.",true,,1,0
122757672,Phantom,Helen Power,"Power, Helen",,"=""0744302668""","=""9780744302660""",0,CamCat Books,Hardcover,384,2023,2023,,2023/10/26,to-read,to-read (#271),to-read,,,,0,0
60784409,A House with Good Bones,T. Kingfisher,"Kingfisher, T.",,"=""1250829798""","=""9781250829795""",0,Tor Nightfire,Hardcover,247,2023,2023,,2023/10/26,to-read,to-read (#270),to-read,,,,0,0
53387949,The Burning Girls,C.J. Tudor,"Tudor, C.J.",,"=""198482502X""","=""9781984825025""",2,Ballantine Books,Hardcover,333,2021,2021,2023/10/19,2021/04/09,,,read,this reads like a self fanfiction from a single mother who thinks she is kinda quirky and cool and wants her daughter to be the same way. be ready to be bombarded with  a series of lectures on how to be a reasonably decent human. i rolled my eyes SO MANY times.,,,1,0
55711747,Chasing the Boogeyman,Richard  Chizmar,"Chizmar, Richard",,"=""1982175168""","=""9781982175160""",0,Gallery Books,Hardcover,322,2021,2021,,2023/10/06,to-read,to-read (#269),to-read,,,,0,0
59364113,All the Beauty in the World: The Metropolitan Museum of Art and Me,Patrick Bringley,"Bringley, Patrick",,"=""1982163321""","=""9781982163327""",0,Simon  Schuster,ebook,240,2023,2023,2023/10/05,2023/09/16,,,read,,,,1,0
1117301,When I Whistle: A Novel (English and Japanese Edition),Shūsaku Endō,"Endō, Shūsaku",Van C. Gessel,"=""080088244X""","=""9780800882440""",0,Taplinger Pub Co,Paperback,273,1980,1974,,2023/09/16,to-read,to-read (#268),to-read,,,,0,0
34466958,Bullshit Jobs: A Theory,David Graeber,"Graeber, David",,"=""150114331X""","=""9781501143311""",0,Simon & Schuster,Hardcover,335,2018,2018,,2023/09/02,to-read,to-read (#267),to-read,,,,0,0
30841984,"Kings of the Wyld (The Band, #1)",Nicholas Eames,"Eames, Nicholas",,"=""0316362476""","=""9780316362474""",0,Orbit,Paperback,494,2017,2017,,2023/09/02,to-read,to-read (#266),to-read,,,,0,0
187636,"No Death, No Fear: Comforting Wisdom for Life",Thich Nhat Hanh,"Hanh, Thich Nhat",,"=""1573223336""","=""9781573223331""",0,Riverhead,Paperback,208,2003,2002,,2023/06/24,to-read,to-read (#265),to-read,,,,0,0
59148726,"Rogues: True Stories of Grifters, Killers, Rebels and Crooks",Patrick Radden Keefe,"Keefe, Patrick Radden",,"=""0385548516""","=""9780385548519""",0,Doubleday,Hardcover,368,2022,2022,2023/06/24,2022/09/07,,,read,,,,1,0
17349,The Demon-Haunted World: Science as a Candle in the Dark,Carl Sagan,"Sagan, Carl",Ann Druyan,"=""0345409469""","=""9780345409461""",0,Ballantine Books,Paperback,459,1997,1995,,2023/05/17,to-read,to-read (#264),to-read,,,,0,0
51389,Art on My Mind: Visual Politics,bell hooks,"hooks, bell",,"=""1565842634""","=""9781565842632""",0,The New Press,Paperback,240,1995,1995,,2023/02/22,to-read,to-read (#263),to-read,,,,0,0
52578297,"The Midnight Library (The Midnight World, #1)",Matt Haig,"Haig, Matt",,"=""0525559477""","=""9780525559474""",3,Viking,Hardcover,288,2020,2020,2023/02/07,2020/11/10,,,read,"to be honest, based on the hype, i thought it would’ve been a little better but overall decent. it would’ve hit harder if i had read it during the lockdown",,,1,0
60041102,"Unmask Alice: LSD, Satanic Panic, and the Imposter Behind the World's Most Notorious Diaries",Rick Emerson,"Emerson, Rick",,"=""1637740425""","=""9781637740422""",0,BenBella Books,Hardcover,349,2022,2022,2022/11/27,2022/06/28,,,read,,,,1,0
59693959,Lapvona,Ottessa Moshfegh,"Moshfegh, Ottessa",,"=""""","=""""",3,Penguin Press,Kindle Edition,313,2022,2022,2022/11/20,2022/05/31,,,read,icky,,,1,0
40197309,Black Panther (2018-2021) #1,Ta-Nehisi Coates,"Coates, Ta-Nehisi",Daniel Acuña,"=""""","=""""",0,Marvel,Kindle Edition,34,2018,2018,2022/11/06,2022/08/28,,,read,i thought black panther would be the best series ta-nehisi coates could write for until i saw that he wrote a captain america series,,,1,0
40603783,The Defining Decade: Why Your Twenties Matter—And How to Make the Most of Them Now,Meg Jay,"Jay, Meg",,"=""""","=""""",0,Twelve,Kindle Edition,273,2012,2012,2022/11/01,2022/10/23,,,read,,,,1,0
28220806,The Graveyard Apartment,Mariko Koike,"Koike, Mariko",,"=""1250060540""","=""9781250060549""",0,Thomas Dunne Books,Hardcover,325,2016,1988,,2022/10/21,to-read,to-read (#262),to-read,,,,0,0
151605,The Decapitated Chicken and Other Stories,Horacio Quiroga,"Quiroga, Horacio","Margaret Sayers Peden, Ed Lindlof, Jean Franco","=""0299198340""","=""9780299198343""",0,University of Wisconsin Press,Paperback,166,2004,1909,,2022/10/21,to-read,to-read (#261),to-read,,,,0,0
30780005,Frankenstein in Baghdad,Ahmed Saadawi,"Saadawi, Ahmed",Jonathan Wright,"=""0143128795""","=""9780143128793""",0,Penguin Books ,Paperback,281,2018,2013,,2022/10/21,to-read,to-read (#260),to-read,,,,0,0
57717410,The 1619 Project: A New Origin Story,Nikole Hannah-Jones,"Hannah-Jones, Nikole",The New York Times Magazine,"=""0593230574""","=""9780593230572""",0,One World,Hardcover,590,2021,2019,2022/10/19,2022/10/09,,,read,"i like the audiobook because the authors of the texts read it and you know it's the intended readings, emphasis, and inflection. essential read for americans or those who want to learn about how america got to be like this",,,1,0
38363799,Dracul,Dacre Stoker,"Stoker, Dacre",J.D. Barker,"=""0735219346""","=""9780735219342""",0,Putnam Pub Group,Hardcover,497,2018,2018,,2022/10/09,to-read,to-read (#259),to-read,,,,0,0
56666839,"A Dowry of Blood (A Dowry of Blood, #1)",S.T. Gibson,"Gibson, S.T.",,"=""1916366937""","=""9781916366930""",0,Nyx Publishing,Paperback,248,2021,2021,,2022/10/09,to-read,to-read (#258),to-read,,,,0,0
45892276,You're Not Listening: What You're Missing and Why It Matters,Kate   Murphy,"Murphy, Kate",,"=""1250297192""","=""9781250297198""",0,Celadon Books,Hardcover,278,2020,2020,2022/09/10,2022/08/23,,,read,,,,1,0
53345896,People From My Neighbourhood,Hiromi Kawakami,"Kawakami, Hiromi",Ted Goossen,"=""1846276985""","=""9781846276989""",4,Granta Books,Paperback,121,2020,2020,2022/08/27,2022/02/17,,,read,,,,1,0
52845775,Minor Feelings: An Asian American Reckoning,Cathy Park Hong,"Hong, Cathy Park",,"=""1984820362""","=""9781984820365""",0,One World,Hardcover,209,2020,2020,2022/08/23,2020/06/26,,,read,,,,1,0
7672,Congo,Michael Crichton,"Crichton, Michael",,"=""0060541830""","=""9780060541835""",0,Avon,Mass Market Paperback,442,2003,1980,2022/08/08,2022/07/30,,,read,,,,1,0
20170404,Station Eleven,Emily St. John Mandel,"Mandel, Emily St. John",,"=""0385353308""","=""9780385353304""",0,Knopf,Hardcover,333,2014,2014,,2022/07/30,to-read,to-read (#257),to-read,,,,0,0
55987334,Four Treasures of the Sky,Jenny Tinghui Zhang,"Zhang, Jenny Tinghui",,"=""1250811783""","=""9781250811783""",0,Flatiron Books,Hardcover,326,2022,2022,,2022/07/30,to-read,to-read (#256),to-read,,,,0,0
55643292,The Thousand Crimes of Ming Tsu,Tom  Lin,"Lin, Tom",,"=""0316542156""","=""9780316542159""",4,"Little, Brown and Company",Hardcover,275,2021,2021,2022/07/30,2021/01/23,,,read,3.79 stars<br/><br/>reminds me of cormac mccarthy with more dialogue. i liked the fantastical elements and the ending.,,,1,0
54493401,Project Hail Mary,Andy Weir,"Weir, Andy",,"=""0593135202""","=""9780593135204""",4,Ballantine Books,Hardcover,476,2021,2021,2022/01/01,2021/07/15,,,read,very entertaining and fun to read :),,,1,0
59228051,The Ballad of Perilous Graves,Alex  Jennings,"Jennings, Alex",,"=""0759557195""","=""9780759557192""",0,Redhook,Hardcover,456,2022,2022,,2022/06/25,to-read,to-read (#255),to-read,,,,0,0
42046112,Recursion,Blake Crouch,"Crouch, Blake",,"=""1524759783""","=""9781524759780""",0,Crown,Hardcover,329,2019,2019,2022/06/23,2020/07/13,,,read,,,,1,0
58724923,Hidden Pictures,Jason Rekulak,"Rekulak, Jason",,"=""1250819342""","=""9781250819345""",3,Flatiron Books,Hardcover,372,2022,2022,2022/06/10,2022/01/26,,,read,"was ok. was kind of scary most of the way through, but lost it's scariness once the twist was revealed. it was nice to have a story with a mostly benevolent ghost, with the evil characters being the ones who are alive. also interesting to have the ghost be super limited in its abilities. i wish the twist was revealed more slowly, letting the book be more investigative. i think it would have allowed for more suspense. as it is, the twist seemed thrown at me too quickly. i would have liked to connect more of the dots myself but i'm also pretty dumb so maybe i just missed stuff that the author intended.",true,,1,0
54776222,The Phone Booth at the Edge of the World,Laura Imai Messina,"Messina, Laura Imai",,"=""1419754300""","=""9781419754302""",0,Harry N. Abrams,Hardcover,416,2021,2020,,2022/03/19,to-read,to-read (#245),to-read,,,,0,0
30753841,"Salt, Fat, Acid, Heat: Mastering the Elements of Good Cooking",Samin Nosrat,"Nosrat, Samin","Wendy MacNaughton, Michael Pollan","=""1476753830""","=""9781476753836""",0,Simon and Schuster,Hardcover,480,2017,2017,2022/05/26,2022/05/13,,,read,,,,1,0
58724593,"A Prayer for the Crown-Shy (Monk & Robot, #2)",Becky Chambers,"Chambers, Becky",,"=""1250236231""","=""9781250236234""",0,Tordotcom,Hardcover,152,2022,2022,,2022/05/24,to-read,to-read (#254),to-read,,,,0,0
58725025,"Ordinary Monsters (The Talents Trilogy, #1)",J.M. Miro,"Miro, J.M.",,"=""1250833663""","=""9781250833662""",0,Flatiron Books,Hardcover,672,2022,2022,,2022/05/24,to-read,to-read (#253),to-read,,,,0,0
49127749,"A Pocket Guide to Sustainable Food Shopping: How to Navigate the Grocery Store, Read Labels, and Help Save the Planet",Kate Bratskeir,"Bratskeir, Kate",,"=""1982150068""","=""9781982150068""",0,S&S/Simon Element,Paperback,144,2021,,,2022/05/13,"to-read, cooking","to-read (#252), cooking (#3)",to-read,,,,0,0
24861842,The Food Lab: Better Home Cooking Through Science,J. Kenji López-Alt,"López-Alt, J. Kenji",,"=""0393081087""","=""9780393081084""",0,Norton,Hardcover,958,2015,2015,,2022/05/13,"to-read, cooking","to-read (#251), cooking (#2)",to-read,,,,0,0
59742186,The Cook You Want to Be: Everyday Recipes to Impress,Andy Baraghani,"Baraghani, Andy",,"=""1984858564""","=""9781984858566""",0,Lorena Jones Books,Hardcover,336,2022,2022,,2022/05/13,"to-read, cooking","to-read (#250), cooking (#1)",to-read,,,,0,0
44024343,The Awakening (Torchbearers),Kate Chopin,"Chopin, Kate",Carmen Maria Machado,"=""1984854380""","=""9781984854384""",0,Random House Group,Kindle Edition,240,2019,1899,,2022/05/12,to-read,to-read (#249),to-read,,,,0,0
58724626,"What Moves the Dead (Sworn Soldier, #1)",T. Kingfisher,"Kingfisher, T.",,"=""1250830753""","=""9781250830753""",0,Tor Nightfire,Hardcover,165,2022,2022,,2022/04/12,to-read,to-read (#248),to-read,,,,0,0
58175765,The Paradox Hotel,Rob Hart,"Hart, Rob",,"=""1984820648""","=""9781984820648""",0,Ballantine Books,Hardcover,336,2022,2022,,2022/04/07,to-read,to-read (#247),to-read,,,,0,0
50788186,Sisters,Daisy Johnson,"Johnson, Daisy",,"=""0593188950""","=""9780593188958""",4,Riverhead Books,Paperback,210,2020,2020,2022/04/04,2020/08/10,,,read,the sometimes poetic prose gave the book a good atmosphere and then supplemented the story in a nice way,,,1,0
58502645,Unlikely Animals,Annie  Hartnett,"Hartnett, Annie",,"=""0593160223""","=""9780593160220""",0,Ballantine Books,Hardcover,348,2022,2022,,2022/03/29,to-read,to-read (#246),to-read,,,,0,0
31287693,Dragon Teeth,Michael Crichton,"Crichton, Michael",,"=""0008173060""","=""9780008173067""",4,HarperCollins Publishers,Paperback,295,2017,2017,2022/03/05,2022/02/25,,,read,4.42 stars<br/><br/>v cool historical fiction novel with a lot more historical accuracy and cameos than expected. very fun to read and i really cool topic. love! not 5 stars bc it didn’t make me feeL something big. just very entertaining.,,,1,0
58386758,Checkout 19,Claire-Louise Bennett,"Bennett, Claire-Louise",,"=""0593420497""","=""9780593420492""",0,Riverhead Books,Hardcover,288,2022,2021,,2022/02/27,to-read,to-read (#244),to-read,,,,0,0
45294613,Dear Edward,Ann Napolitano,"Napolitano, Ann",,"=""198485478X""","=""9781984854780""",0,The Dial Press,Hardcover,340,2020,2020,,2022/02/26,to-read,to-read (#243),to-read,,,,0,0
33385229,"They Both Die at the End (They Both Die at the End, #1)",Adam Silvera,"Silvera, Adam",,"=""0062457799""","=""9780062457790""",4,Quill Tree Books,Hardcover,389,2017,2017,2022/02/25,2020/12/21,,,read,"not what i expected. did not really like the prose. the value from this novel comes from the way that it made me self-reflect. impermanence, uncertainty of life, friends, shells, altruism, sacrifice, coincidence.",,,1,0
44421460,"Before the Coffee Gets Cold (Before the Coffee Gets Cold, #1)",Toshikazu Kawaguchi,"Kawaguchi, Toshikazu",Geoffrey Trousselot,"=""1529029589""","=""9781529029581""",0,Picador,Paperback,213,2019,2015,,2022/02/21,to-read,to-read (#242),to-read,,,,0,0
50074593,Cain's Jawbone,E. Powys Mathers,"Mathers, E. Powys",Torquemada,"=""1783527412""","=""9781783527410""",0,Unbound,Hardcover,100,2019,1934,,2022/02/20,to-read,to-read (#241),to-read,,,,0,0
52476830,The Push,Ashley Audrain,"Audrain, Ashley",,"=""1984881663""","=""9781984881663""",4,Pamela Dorman Books,Hardcover,307,2021,2021,2022/02/19,2021/01/17,,,read,4.49 stars<br/><br/>SCARY. easy to read. scary.,,,1,0
56175921,I Always Carry My Bones (Iowa Poetry Prize),Felicia Zamora,"Zamora, Felicia",,"=""1609387767""","=""9781609387761""",0,University Of Iowa Press,Paperback,90,2021,2021,,2022/02/15,to-read,to-read (#240),to-read,,,,0,0
22055262,"A Darker Shade of Magic (Shades of Magic, #1)",V.E. Schwab,"Schwab, V.E.",Victoria Schwab,"=""0765376458""","=""9780765376459""",4,Tor,Hardcover,400,2015,2015,2022/02/13,2020/07/13,,,read,kinda cringe names n stuff but easy to read,,,1,0
57773248,Notes on an Execution,Danya Kukafka,"Kukafka, Danya",,"=""0063052733""","=""9780063052734""",0,William Morrow,Hardcover,306,2022,2022,,2022/01/29,to-read,to-read (#239),to-read,,,,0,0
43398196,Tokyo Ueno Station,Yū Miri,"Miri, Yū",Morgan Giles,"=""1911284169""","=""9781911284161""",0,Tilted Axis Press ,Paperback,168,2019,2014,,2022/01/28,to-read,to-read (#238),to-read,,,,0,0
58276619,The Books of Jacob,Olga Tokarczuk,"Tokarczuk, Olga",Jennifer  Croft,"=""""","=""""",0,Riverhead Books,Hardcover,965,2022,2014,,2022/01/26,to-read,to-read (#237),to-read,,,,0,0
58724622,Mary,Nat Cassidy,"Cassidy, Nat",,"=""1250265231""","=""9781250265234""",0,Tor Nightfire,Paperback,416,2022,2022,,2022/01/26,to-read,to-read (#236),to-read,,,,0,0
58724816,Our Wives Under the Sea,Julia Armfield,"Armfield, Julia",,"=""1250229898""","=""9781250229892""",0,Flatiron Books,Hardcover,228,2022,2022,,2022/01/26,to-read,to-read (#235),to-read,,,,0,0
54829360,The Daughter of Doctor Moreau,Silvia Moreno-Garcia,"Moreno-Garcia, Silvia",,"=""0593355334""","=""9780593355336""",0,Del Rey,Hardcover,306,2022,2022,,2022/01/26,to-read,to-read (#234),to-read,,,,0,0
57840571,The Hacienda,Isabel Cañas,"Cañas, Isabel",,"=""""","=""""",0,Berkley,Hardcover,345,2022,2022,,2022/01/26,to-read,to-read (#233),to-read,,,,0,0
59552652,"When Other People Saw Us, They Saw the Dead",Lauren T.Davila,"T.Davila, Lauren","Adam Ma, Shakira Savage, Desiree Rodriguez, Anuja  Varghese, Nisha Addleman, Danny Lore, A.M. Perez, Alicia        Thompson, Michelle Mellon, C.M. Leyva, Amiah Taylor, L.C. Star, S.M. Uddin, Angela Burgos, Gerardo J. Mercado Hernández, Lauren McEwen, D.C. Dador, Adaline Jacques, Margaret Elysia Garcia, Jonah Wu, Emily Hoang, Aliya Chaudhry, Marwa Sarraj","=""1916234763""","=""9781916234765""",0,Haunt Publishing,Paperback,320,2022,2022,,2022/01/26,to-read,to-read (#232),to-read,,,,0,0
57845084,The Doloriad,Missouri Williams,"Williams, Missouri",,"=""0374605084""","=""9780374605087""",0,MCD x FSG Originals,Paperback,240,2022,2022,,2022/01/26,to-read,to-read (#231),to-read,,,,0,0
57693183,Sundial,Catriona Ward,"Ward, Catriona",,"=""1250812682""","=""9781250812681""",0,Tor Nightfire,Hardcover,292,2022,2022,,2022/01/26,to-read,to-read (#230),to-read,,,,0,0
57693658,String Follow,Simon Jacobs,"Jacobs, Simon",,"=""0374603855""","=""9780374603854""",0,MCD x FSG Originals,Paperback,416,2022,2022,,2022/01/26,to-read,to-read (#229),to-read,,,,0,0
57926112,The Violence,Delilah S. Dawson,"Dawson, Delilah S.",,"=""0593156625""","=""9780593156629""",0,Del Rey,Hardcover,498,2022,2022,,2022/01/26,to-read,to-read (#228),to-read,,,,0,0
57693175,Road of Bones,Christopher Golden,"Golden, Christopher",,"=""1250274303""","=""9781250274304""",0,St. Martin's Press,Hardcover,230,2022,2022,,2022/01/26,to-read,to-read (#227),to-read,,,,0,0
57693663,Devil House,John Darnielle,"Darnielle, John",,"=""0374212236""","=""9780374212230""",0,MCD,Hardcover,403,2022,2022,,2022/01/26,to-read,to-read (#226),to-read,,,,0,0
58446227,Sea of Tranquility,Emily St. John Mandel,"Mandel, Emily St. John",,"=""0593321448""","=""9780593321447""",0,Knopf,Hardcover,259,2022,2022,,2022/01/19,to-read,to-read (#225),to-read,,,,0,0
57846320,The School for Good Mothers,Jessamine Chan,"Chan, Jessamine",,"=""""","=""""",0,Simon & Schuster,Hardcover,336,2022,2022,,2022/01/19,to-read,to-read (#224),to-read,,,,0,0
57021127,Portrait of a Thief,Grace D. Li,"Li, Grace D.",,"=""0593184734""","=""9780593184738""",0,Tiny Reparations Books,Hardcover,375,2022,2022,,2022/01/19,to-read,to-read (#223),to-read,,,,0,0
18143977,All the Light We Cannot See,Anthony Doerr,"Doerr, Anthony",,"=""1476746583""","=""9781476746586""",4,Scribner,Hardcover,531,2014,2014,2022/01/18,2020/07/04,,,read,some of the best prose. characters had little depth though. ,,,1,0
59999991,Klara and the Sun,Kazuo Ishiguro,"Ishiguro, Kazuo",,"=""0593311299""","=""9780593311295""",0,Vintage,Paperback,303,2022,2021,,2022/01/17,to-read,to-read (#222),to-read,,,,0,0
57850265,How High We Go in the Dark,Sequoia Nagamatsu,"Nagamatsu, Sequoia",,"=""0063072645""","=""9780063072640""",0,William Morrow,Hardcover,293,2022,2022,,2022/01/13,to-read,to-read (#221),to-read,,,,0,0
41940270,Jacob's Ladder,Lyudmila Ulitskaya,"Ulitskaya, Lyudmila",Polly Gannon,"=""0374293651""","=""9780374293659""",0,"Farrar, Straus and Giroux",Hardcover,560,2019,2015,,2022/01/03,to-read,to-read (#220),to-read,,,,0,0
51217359,The Yellow Wall-Paper and Selected Writings,Charlotte Perkins Gilman,"Gilman, Charlotte Perkins",Kate Bolick,"=""0143134795""","=""9780143134794""",0,Penguin Books,Hardcover,400,2020,1935,,2020/05/20,to-read,to-read (#17),to-read,,,,0,0
23395680,"Illuminae (The Illuminae Files, #1)",Amie Kaufman,"Kaufman, Amie",Jay Kristoff,"=""0553499114""","=""9780553499117""",0,Knopf Books for Young Readers,Hardcover,608,2015,2015,,2021/12/22,to-read,to-read (#219),to-read,,,,0,0
747233,Selling Spirituality: The Silent Takeover of Religion,Jeremy Carrette,"Carrette, Jeremy",Richard E. King,"=""0415302099""","=""9780415302098""",0,Routledge,Paperback,194,2004,2004,,2021/12/12,to-read,to-read (#218),to-read,,,,0,0
41104077,Invisible Women: Data Bias in a World Designed for Men,Caroline Criado Pérez,"Pérez, Caroline Criado",,"=""1419729071""","=""9781419729072""",0,Abrams Press,Hardcover,448,2019,2019,2021/12/21,2021/10/16,,,read,frustrating and infuriating to get thru at times. a must read for any human,,,1,0
43893870,Milk Blood Heat,Dantiel W. Moniz,"Moniz, Dantiel W.",,"=""0802158153""","=""9780802158154""",0,Grove/Atlantic,Hardcover,208,2021,2021,,2021/12/20,to-read,to-read (#217),to-read,,,,0,0
36342706,The New Me,Halle Butler,"Butler, Halle",,"=""0143133608""","=""9780143133605""",0,Penguin,Paperback,193,2019,2019,,2021/12/20,to-read,to-read (#216),to-read,,,,0,0
25899336,When Breath Becomes Air,Paul Kalanithi,"Kalanithi, Paul",Abraham   Verghese,"=""0812988418""","=""9780812988413""",4,Random House,Kindle Edition,208,2016,2016,2020/06/16,2020/05/22,,,read,i was gonna rate this 3 stars but the epilogue did a v good job justifying a 4th,,,1,0
38212112,The Culture of Narcissism: American Life in An Age of Diminishing Expectations,Christopher Lasch,"Lasch, Christopher",,"=""0393356175""","=""9780393356175""",0,W. W. Norton & Company,Paperback,368,2018,1978,,2021/12/14,to-read,to-read (#215),to-read,,,,0,0
854172,Otherworld Journeys: Accounts of Near-death Experience in Medieval & Modern Times,Carol Zaleski,"Zaleski, Carol",,"=""0195056655""","=""9780195056655""",0,Oxford University Press (NYC/Oxford),Paperback,288,1988,1987,,2021/12/04,to-read,to-read (#214),to-read,,,,0,0
9328,The House of the Spirits,Isabel Allende,"Allende, Isabel",Magda Bogin,"=""0553383809""","=""9780553383805""",0,Dial Press Trade Paperback,Paperback,448,2005,1982,,2021/11/21,to-read,to-read (#213),to-read,,,,0,0
41160292,Exhalation,Ted Chiang,"Chiang, Ted",,"=""""","=""""",3,Knopf,ebook,368,2019,2019,2021/11/20,2020/06/09,,,read,"was ok. most of the stories were a bit long. the short ones were good. but good topics. language, religion, speciesism, multiverse",,,1,0
53238858,"What Happened To You?: Conversations on Trauma, Resilience, and Healing",Bruce D. Perry,"Perry, Bruce D.",Oprah Winfrey,"=""1250223180""","=""9781250223180""",0,Flatiron Books: An Oprah Book,Hardcover,304,2021,2021,,2021/11/21,to-read,to-read (#212),to-read,,,,0,0
55338982,Cultish: The Language of Fanaticism,Amanda Montell,"Montell, Amanda",,"=""0062993151""","=""9780062993151""",0,Harper,Hardcover,309,2021,2021,,2021/11/21,to-read,to-read (#211),to-read,,,,0,0
31370662,The Answer,Allan Pease,"Pease, Allan",Barbara Pease,"=""1489214623""","=""9781489214621""",4,Harlequin,Hardcover,304,2016,2016,2021/10/24,2021/07/19,,,read,,,,1,0
55867892,New Teeth: Stories,Simon Rich,"Rich, Simon",,"=""0316536687""","=""9780316536684""",0,"Little, Brown and Company",Hardcover,240,2021,2021,,2021/10/19,to-read,to-read (#210),to-read,,,,0,0
56584677,Femlandia,Christina Dalcher,"Dalcher, Christina",,"=""""","=""""",0,Berkley Books,Hardcover,336,2021,2021,,2021/10/19,to-read,to-read (#209),to-read,,,,0,0
53195923,Nothing But Blackened Teeth,Cassandra Khaw,"Khaw, Cassandra",,"=""1250759412""","=""9781250759412""",0,Tor Nightfire,Hardcover,125,2021,2021,,2021/10/19,to-read,to-read (#208),to-read,,,,0,0
33574090,"What the Hell Did I Just Read (John Dies at the End, #3)",David  Wong,"Wong, David",Jason Pargin,"=""1250040205""","=""9781250040206""",0,St. Martin's Press,Hardcover,375,2017,2017,,2021/10/19,to-read,to-read (#207),to-read,,,,0,0
30375706,Things We Lost in the Fire,Mariana Enriquez,"Enriquez, Mariana",,"=""045149511X""","=""9780451495112""",0,Hogarth,Hardcover,192,2017,2016,,2021/10/19,to-read,to-read (#206),to-read,,,,0,0
25142937,"Lovecraft Country (Lovecraft Country, #1)",Matt Ruff,"Ruff, Matt",,"=""0062292064""","=""9780062292063""",0,Harper,Hardcover,372,2016,2016,,2021/10/19,to-read,to-read (#205),to-read,,,,0,0
43982054,The Water Dancer,Ta-Nehisi Coates,"Coates, Ta-Nehisi",,"=""""","=""""",2,One World,Hardcover,416,2019,2019,2021/10/16,2021/09/14,,,read,,,,1,0
51166519,Lakewood,Megan Giddings,"Giddings, Megan",,"=""0062913190""","=""9780062913197""",4,Amistad,Hardcover,288,2020,2020,2021/09/07,2020/11/06,,,read,,,,1,0
43798285,The Institute,Stephen  King,"King, Stephen",,"=""""","=""""",2,Scribner,Hardcover,561,2019,2019,2021/08/21,2020/07/23,,,read,,,,1,0
28920,A Pale View of Hills,Kazuo Ishiguro,"Ishiguro, Kazuo",,"=""""","=""""",0,Faber and Faber,Paperback,183,2005,1982,,2021/08/10,to-read,to-read (#204),to-read,,,,0,0
56767143,This Will All Be Over Soon: A Memoir,Cecily Strong,"Strong, Cecily",,"=""1982168315""","=""9781982168315""",0,Simon & Schuster,Hardcover,272,2021,2021,,2021/08/09,to-read,to-read (#203),to-read,,,,0,0
436982,Notes from the Underground,Fyodor Dostoevsky,"Dostoevsky, Fyodor",Constance Garnett,"=""""","=""""",0,Dover Publications,Paperback,96,1992,1864,,2021/08/07,to-read,to-read (#202),to-read,,,,0,0
57402520,Seasons in Hippoland (The Africa List),Wanjiku wa Ngũgĩ,"Ngũgĩ, Wanjiku wa",,"=""0857428942""","=""9780857428943""",0,Seagull Books,Hardcover,248,2021,2021,,2021/07/15,to-read,to-read (#200),to-read,,,,0,0
57007768,Far from the Light of Heaven,Tade Thompson,"Thompson, Tade",,"=""0759557918""","=""9780759557918""",0,Orbit,Paperback,353,2021,2021,,2021/07/15,to-read,to-read (#199),to-read,,,,0,0
54427135,I'm Waiting for You and Other Stories,Kim Bo-young,"Bo-young, Kim","Sophie Bowman, Sung Ryu","=""0062951467""","=""9780062951465""",0,Harper Voyager,Hardcover,321,2021,2021,,2021/07/15,to-read,to-read (#198),to-read,,,,0,0
55077657,"A Psalm for the Wild-Built (Monk & Robot, #1)",Becky Chambers,"Chambers, Becky",,"=""""","=""""",0,Tor.com Tom Doherty Assoc.,Hardcover,160,2021,2021,,2021/07/15,to-read,to-read (#197),to-read,,,,0,0
53205922,Remote Control,Nnedi Okorafor,"Okorafor, Nnedi",,"=""125077280X""","=""9781250772800""",0,Tordotcom,Hardcover,160,2021,2021,,2021/07/15,to-read,to-read (#196),to-read,,,,0,0
52027273,Providence,Max Barry,"Barry, Max",,"=""0593085175""","=""9780593085172""",0,G.P. Putnam's Sons,Hardcover,306,2020,2020,,2021/07/15,to-read,to-read (#195),to-read,,,,0,0
55077538,"She Who Became the Sun (The Radiant Emperor, #1)",Shelley Parker-Chan,"Parker-Chan, Shelley",,"=""1250621801""","=""9781250621801""",0,Tor Books,Hardcover,414,2021,2021,,2021/07/15,to-read,to-read (#194),to-read,,,,0,0
52655061,"The Art of Taking It Easy: How to Cope with Bears, Traffic, and the Rest of Life's Stressors",Brian    King,"King, Brian",,"=""194806247X""","=""9781948062473""",5,Apollo Publishers,Kindle Edition,256,2020,2019,2021/07/10,2021/06/22,,,read,i would like to buy a physical copy,,,1,0
30649506,At Home in the World: Reflections on Belonging While Wandering the Globe,Tsh Oxenreider,"Oxenreider, Tsh",,"=""140020559X""","=""9781400205592""",0,Thomas Nelson,Hardcover,288,2017,2017,,2021/06/30,to-read,to-read (#193),to-read,,,,0,0
51091578,The Immortals of Tehran,Alireza Taheri Araghi,"Araghi, Alireza Taheri",,"=""""","=""""",0,Melville House,Hardcover,400,2020,2020,,2021/06/23,to-read,to-read (#192),to-read,,,,0,0
31421117,Tears We Cannot Stop: A Sermon to White America,Michael Eric Dyson,"Dyson, Michael Eric",,"=""1250135990""","=""9781250135995""",0,St. Martin's Press,Hardcover,228,2017,2017,,2021/06/23,to-read,to-read (#191),to-read,,,,0,0
6388743,The Ghosts of Belfast (Jack Lennon Investigations #1),Stuart Neville,"Neville, Stuart",,"=""1569476004""","=""9781569476000""",0,"Soho Press, Inc.",Hardcover,336,2009,2009,,2021/06/23,to-read,to-read (#190),to-read,,,,0,0
53597769,The Five Wounds,Kirstin Valdez Quade,"Quade, Kirstin Valdez",,"=""0393242838""","=""9780393242836""",0,W. W. Norton & Company,Hardcover,419,2021,2021,,2021/06/23,to-read,to-read (#189),to-read,,,,0,0
57004891,Little Eyes: A Novel,Samanta Schweblin,"Schweblin, Samanta",,"=""0525541373""","=""9780525541370""",0,Riverhead Books,Paperback,256,2021,2018,,2021/05/26,to-read,to-read (#188),to-read,,,,0,0
55577651,Monogamy,Sue Miller,"Miller, Sue",,"=""0062969668""","=""9780062969668""",0,Harper Perennial,Paperback,352,2021,2020,,2021/05/26,to-read,to-read (#187),to-read,,,,0,0
56702686,A Long Petal of the Sea,Isabel Allende,"Allende, Isabel","Nick Caistor, Amanda Hopkinson","=""0593157494""","=""9780593157497""",0,Ballantine Books,Paperback,368,2021,2019,,2021/05/26,to-read,to-read (#186),to-read,,,,0,0
57179234,Utopia Avenue,David  Mitchell,"Mitchell, David",,"=""0812987217""","=""9780812987218""",0,Random House Trade Paperbacks,Paperback,577,2021,2020,,2021/05/26,to-read,to-read (#185),to-read,,,,0,0
55878889,One by One,Ruth Ware,"Ware, Ruth",,"=""1501188828""","=""9781501188824""",0,Gallery Books,Paperback,416,2021,2020,,2021/05/26,to-read,to-read (#184),to-read,,,,0,0
33358204,"Boy Erased: A Memoir of Identity, Faith, and Family",Garrard Conley,"Conley, Garrard",,"=""0735213461""","=""9780735213463""",0,Riverhead Books,Paperback,340,2017,2016,,2021/05/24,to-read,to-read (#183),to-read,,,,0,0
48570454,Transcendent Kingdom,Yaa Gyasi,"Gyasi, Yaa",,"=""""","=""""",0,Knopf,Hardcover,264,2020,2020,,2021/05/24,to-read,to-read (#182),to-read,,,,0,0
55711706,Everyone in This Room Will Someday Be Dead,Emily R. Austin,"Austin, Emily R.",,"=""1982167351""","=""9781982167356""",0,Atria Books,Hardcover,256,2021,2021,,2021/05/24,to-read,to-read (#181),to-read,,,,0,0
19288043,Gone Girl,Gillian Flynn,"Flynn, Gillian",,"=""0307588378""","=""9780307588371""",5,Ballantine Books,Paperback,415,2014,2012,2021/05/23,2021/04/09,,,read,ok that was pretty cool,,,1,0
51205963,"Stealing Home: Los Angeles, the Dodgers, and the Lives Caught in Between",Eric Nusbaum,"Nusbaum, Eric",,"=""1541742214""","=""9781541742215""",0,PublicAffairs,Hardcover,333,2020,2020,,2021/05/17,to-read,to-read (#180),to-read,,,,0,0
18045891,Sharp Objects,Gillian Flynn,"Flynn, Gillian",,"=""0297851535""","=""9780297851530""",4,Broadway Paperbacks,Paperback,254,2007,2006,2021/05/01,2020/06/03,,,read,,,,1,0
526114,Erasure,Percival Everett,"Everett, Percival",,"=""0571215882""","=""9780571215881""",0,Faber and Faber,Hardcover,272,2003,2001,,2021/04/21,to-read,to-read (#179),to-read,,,,0,0
41880609,On Earth We're Briefly Gorgeous,Ocean Vuong,"Vuong, Ocean",,"=""0525562028""","=""9780525562023""",0,Penguin Press,Hardcover,246,2019,2019,2021/04/12,2021/02/11,,,read,,,,1,0
54492661,"Lightseekers (Philip Taiwo, #1)",Femi  Kayode,"Kayode, Femi",,"=""031653661X""","=""9780316536615""",0,"Little, Brown and Company",Hardcover,432,2021,2021,,2021/04/09,to-read,to-read (#178),to-read,,,,0,0
51179955,"Moonflower Murders (Susan Ryeland, #2)",Anthony Horowitz,"Horowitz, Anthony",,"=""0062955454""","=""9780062955456""",0,Harper,Hardcover,608,2020,2020,,2021/04/09,to-read,to-read (#176),to-read,,,,0,0
40611328,"Ishmael (Ishmael, #1)",Daniel Quinn,"Quinn, Daniel",,"=""""","=""""",0,Bantam,Kindle Edition,338,2009,1992,,2021/04/06,to-read,to-read (#175),to-read,,,,0,0
1971304,City of Thieves,David Benioff,"Benioff, David",,"=""0670018708""","=""9780670018703""",4,Viking / Penguin,Hardcover,258,2008,2008,2021/03/20,2020/06/06,,,read,yes. an actually engaging story,,,1,0
88061,Dreams from My Father: A Story of Race and Inheritance,Barack Obama,"Obama, Barack",,"=""1921351438""","=""9781921351433""",3,New York: Three Rivers Press,Paperback,453,2004,1995,2021/03/12,2021/02/01,,,read,almost completely narrative. i wished he wrote more about his feelings rather than his actions,,,1,0
52180399,"The Only Good Indians (The Only Good Indians, #1)",Stephen Graham Jones,"Jones, Stephen Graham",,"=""1982136456""","=""9781982136451""",2,Gallery / Saga Press,Hardcover,305,2020,2020,2021/03/05,2020/07/09,,,read,"idk if it is just me but...it’s hard to follow this mans writing style. especially at the beginning, i couldn’t understand many of the things that were going on. the characters don’t have enough separate personalities to let me know who is who. there was only one part where i thought it was kind of scary. almost every book i read will elicit some kind of emotion from me in the last couple of pages, but when i got to the end of this one, my thought was “oh the book is ending now.”",,,1,0
53404236,Who Will Pay Reparations On My Soul? Essays,Jesse McCarthy,"McCarthy, Jesse",,"=""1631496484""","=""9781631496486""",0,"Liveright Publishing Corporation/W.W. Norton & Company, Inc.",Hardcover,352,2021,2021,,2021/02/24,to-read,to-read (#174),to-read,,,,0,0
42480560,Soft City: Building Density for Everyday Life,David    Sim,"Sim, David",,"=""1642830186""","=""9781642830187""",0,Island Press,Paperback,256,2019,2019,,2021/02/21,to-read,to-read (#173),to-read,,,,0,0
106728,The Timeless Way of Building,Christopher W. Alexander,"Alexander, Christopher W.",,"=""0195024028""","=""9780195024029""",0,Oxford University Press,Hardcover,552,1979,1978,,2021/02/21,to-read,to-read (#172),to-read,,,,0,0
173666,Radical Acceptance: Embracing Your Life With the Heart of a Buddha,Tara Brach,"Brach, Tara",,"=""""","=""""",0,Bantam,Paperback,333,2004,2000,,2021/02/17,to-read,to-read (#171),to-read,,,,0,0
272433,Edinburgh,Alexander Chee,"Chee, Alexander",,"=""0312305036""","=""9780312305031""",0,Picador,Paperback,212,2002,2001,,2021/02/17,to-read,to-read (#170),to-read,,,,0,0
53327897,Consent: A Memoir,Vanessa Springora,"Springora, Vanessa",Natasha Lehrer,"=""0063060388""","=""9780063060388""",0,HarperVia,Paperback,208,2021,2020,,2021/02/17,to-read,to-read (#169),to-read,,,,0,0
45298337,Pine,Francine Toon,"Toon, Francine",,"=""0857526707""","=""9780857526700""",0,Doubleday,Hardcover,288,2020,2020,,2021/02/08,to-read,to-read (#168),to-read,,,,0,0
953562,Poet in New York,Federico García Lorca,"Lorca, Federico García","Greg Simon, Steven F. White, Christopher Maurer","=""0374525404""","=""9780374525408""",0,"Farrar, Straus and Giroux",Paperback,303,1998,1940,,2021/02/03,to-read,to-read (#167),to-read,,,,0,0
16299,And Then There Were None,Agatha Christie,"Christie, Agatha",,"=""0312330871""","=""9780312330873""",4,St. Martin's Griffin,Paperback,264,2004,1939,2021/02/01,2019/07/29,,,read,,,,1,0
55835474,Nightbitch,Rachel Yoder,"Yoder, Rachel",,"=""0385546815""","=""9780385546812""",0,Doubleday,Hardcover,256,2021,2021,,2021/01/23,to-read,to-read (#166),to-read,,,,0,0
53327887,City of a Thousand Gates,Bee Sacks,"Sacks, Bee",,"=""0063011476""","=""9780063011472""",0,Harper,Hardcover,400,2021,2021,,2021/01/23,to-read,to-read (#165),to-read,,,,0,0
51178017,The Hilarious World of Depression,John Moe,"Moe, John",,"=""1250209285""","=""9781250209283""",0,St. Martin's Press,Hardcover,304,2020,2020,2021/01/21,2020/06/26,,,read,,,,1,0
25852784,Evicted: Poverty and Profit in the American City,Matthew Desmond,"Desmond, Matthew",,"=""0553447432""","=""9780553447439""",0,Crown Publishers,Hardcover,418,2016,2016,,2021/01/20,to-read,to-read (#164),to-read,,,,0,0
183829,The Future of Life,Edward O. Wilson,"Wilson, Edward O.",,"=""0349115796""","=""9780349115795""",0,Abacus,Paperback,220,2003,2002,,2021/01/20,to-read,to-read (#163),to-read,,,,0,0
42074525,"The City We Became (Great Cities, #1)",N.K. Jemisin,"Jemisin, N.K.",,"=""""","=""""",0,Orbit,Hardcover,437,2020,2020,,2021/01/18,to-read,to-read (#162),to-read,,,,0,0
52397,"Parable of the Sower (Earthseed, #1)",Octavia E. Butler,"Butler, Octavia E.",,"=""0446675504""","=""9780446675505""",0,Grand Central Publishing,Paperback,345,2000,1993,,2021/01/18,to-read,to-read (#161),to-read,,,,0,0
1091582,The October Country: Stories,Ray Bradbury,"Bradbury, Ray",Joe Mugnaini,"=""0345407857""","=""9780345407856""",4,Del Rey,Paperback,336,1996,1955,2021/01/16,2021/01/05,,,read,,,,1,0
6324090,"Alice's Adventures in Wonderland (Alice's Adventures in Wonderland, #1)",Lewis Carroll,"Carroll, Lewis","T.H. Robinson, Charles Pears","=""""","=""""",0,Public Domain Books,Kindle Edition,96,1997,1865,,2021/01/15,to-read,to-read (#160),to-read,,,,0,0
374233,If on a Winter's Night a Traveler,Italo Calvino,"Calvino, Italo",William Weaver,"=""""","=""""",0,L&OD Key Porter,Paperback,260,1982,1979,,2021/01/12,to-read,to-read (#159),to-read,,,,0,0
38458438,The Houseguest and Other Stories,Amparo Dávila,"Dávila, Amparo","Matthew Gleeson, Audrey Harris","=""0811228215""","=""9780811228213""",0,New Directions,Paperback,144,2018,2018,,2021/01/12,to-read,to-read (#158),to-read,,,,0,0
13531832,Vampires in the Lemon Grove: Stories,Karen Russell,"Russell, Karen",,"=""0307957233""","=""9780307957238""",0,Knopf,Hardcover,243,2013,2013,,2021/01/12,to-read,to-read (#157),to-read,,,,0,0
64666,An Anthropologist on Mars: Seven Paradoxical Tales,Oliver Sacks,"Sacks, Oliver",,"=""0330343475""","=""9780330343473""",0,Picador,Paperback,318,1995,1995,,2021/01/12,to-read,to-read (#156),to-read,,,,0,0
30038960,"Insomniac City: New York, Oliver, and Me",Bill Hayes,"Hayes, Bill",,"=""1620404931""","=""9781620404935""",0,Bloomsbury USA,Hardcover,294,2017,2017,,2021/01/12,to-read,to-read (#155),to-read,,,,0,0
402843,"Zen Mind, Beginner's Mind: Informal Talks on Zen Meditation and Practice",Shunryu Suzuki,"Suzuki, Shunryu","Trudy Dixon, Huston Smith, Richard Baker","=""0834800799""","=""9780834800793""",0,Weatherhill,Paperback,138,1970,1970,,2021/01/09,to-read,to-read (#154),to-read,,,,0,0
49374086,The Discomfort of Evening,Lucas Rijneveld,"Rijneveld, Lucas",Michele Hutchison,"=""0571349366""","=""9780571349364""",0,Faber & Faber,Paperback,282,2020,2018,,2021/01/06,to-read,to-read (#153),to-read,,,,0,0
54120408,Klara and the Sun,Kazuo Ishiguro,"Ishiguro, Kazuo",,"=""059331817X""","=""9780593318171""",0,Alfred A. Knopf,Hardcover,303,2021,2021,,2021/01/06,to-read,to-read (#152),to-read,,,,0,0
3446,Going After Cacciato,Tim O'Brien,"O'Brien, Tim",,"=""0767904427""","=""9780767904421""",0,Broadway/Crown Publishing Group,Paperback,351,1999,1978,,2021/01/05,to-read,to-read (#151),to-read,,,,0,0
49247242,Ring Shout,P. Djèlí Clark,"Clark, P. Djèlí",,"=""1250767024""","=""9781250767028""",3,Tordotcom,Hardcover,185,2020,2020,2021/01/02,2020/11/06,,,read,"2.8 stars. really nice descriptions of the monsters, good action sequences. story did not seem very inspired, feels like reskinned rise of skywalker, which did not have a great story to begin with",,,1,0
15688,L'Étranger,Albert Camus,"Camus, Albert",,"=""2070360024""","=""9782070360024""",0,Gallimard,Paperback,184,2016,1942,,2021/01/01,to-read,to-read (#150),to-read,,,,0,0
7244,The Poisonwood Bible,Barbara Kingsolver,"Kingsolver, Barbara",,"=""0060786507""","=""9780060786502""",4,Harper Perennial Modern Classics,Paperback,546,2005,1998,2020/12/28,2019/07/29,,,read,"the writing is *immaculate*, aND there's 5 different narrators each with a distinct personality and writing style",,,1,0
943402,Let the Right One In,John Ajvide Lindqvist,"Lindqvist, John Ajvide",,"=""1847241697""","=""9781847241696""",0,Quercus,Hardcover,513,2007,2004,,2020/12/26,to-read,to-read (#149),to-read,,,,0,0
53916142,A Life on Our Planet: My Witness Statement and a Vision for the Future,David Attenborough,"Attenborough, David",,"=""1538719983""","=""9781538719985""",0,Grand Central Publishing,Hardcover,272,2020,2020,,2020/12/26,to-read,to-read (#148),to-read,,,,0,0
53152636,Mexican Gothic,Silvia Moreno-Garcia,"Moreno-Garcia, Silvia",,"=""0525620788""","=""9780525620785""",0,Del Rey,Hardcover,320,2020,2020,,2020/12/26,to-read,to-read (#147),to-read,,,,0,0
124814,The Instant Millionaire: A Tale of Wisdom and Wealth,Mark   Fisher,"Fisher, Mark",,"=""0931432723""","=""9780931432729""",0,New World Library,Paperback,144,1993,1997,,2020/12/25,,,read,,,,1,0
16200,Ella Minnow Pea: A Novel in Letters,Mark Dunn,"Dunn, Mark",,"=""0385722435""","=""9780385722438""",0,Vintage,Paperback,208,2002,2001,,2020/12/25,to-read,to-read (#146),to-read,,,,0,0
50898126,Flowers on the Moon,Billy Chapata,"Chapata, Billy",,"=""1524860417""","=""9781524860417""",0,Andrews McMeel Publishing,Paperback,304,2020,2020,,2020/12/21,to-read,to-read (#145),to-read,,,,0,0
43212929,Everywhere You Don't Belong,Gabriel Bump,"Bump, Gabriel",,"=""1616208791""","=""9781616208790""",0,Algonquin Books,Hardcover,264,2020,2020,,2020/11/27,to-read,to-read (#144),to-read,,,,0,0
33877608,Eat the Buddha: Life and Death in a Tibetan Town,Barbara Demick,"Demick, Barbara",,"=""0812998758""","=""9780812998757""",0,Random House,Hardcover,325,2020,2020,,2020/11/27,to-read,to-read (#143),to-read,,,,0,0
53122391,A Children's Bible,Lydia Millet,"Millet, Lydia",,"=""1324005033""","=""9781324005032""",0,W. W. Norton  Company,Hardcover,224,2020,2020,,2020/11/27,to-read,to-read (#142),to-read,,,,0,0
397483,"The Devil in the White City: Murder, Magic, and Madness at the Fair That Changed America",Erik Larson,"Larson, Erik",,"=""0609608444""","=""9780609608449""",0,Crown Publishers,Hardcover,464,2003,2003,,2020/11/27,to-read,to-read (#141),to-read,,,,0,0
40792913,"Altered Carbon (Takeshi Kovacs, #1)",Richard K. Morgan,"Morgan, Richard K.",,"=""""","=""""",0,Del Rey,Kindle Edition,544,2018,2002,,2020/11/19,to-read,to-read (#140),to-read,,,,0,0
12232938,The Lovely Bones,Alice Sebold,"Sebold, Alice",,"=""0316166685""","=""9780316166683""",0,"Little, Brown and Company",Mass Market Paperback,372,2006,2002,,2020/11/19,to-read,to-read (#139),to-read,,,,0,0
17899948,Rebecca,Daphne du Maurier,"Maurier, Daphne du",,"=""0316323705""","=""9780316323703""",0,"Little, Brown and Company",Kindle Edition,449,2013,1938,,2020/11/19,to-read,to-read (#138),to-read,,,,0,0
576021,Notes to Myself,Hugh Prather,"Prather, Hugh",,"=""0553273825""","=""9780553273823""",0,"Bantam Boks,1999",Paperback,176,1999,1970,,2020/11/19,to-read,to-read (#137),to-read,,,,0,0
33516538,Behave: The Biology of Humans at Our Best and Worst,Robert M. Sapolsky,"Sapolsky, Robert M.",,"=""0735222789""","=""9780735222786""",0,Penguin Books,Kindle Edition,798,2017,2017,2020/11/10,2020/07/21,,,read,,,,1,0
46041442,The Adventurer's Son,Roman Dial,"Dial, Roman",,"=""0062876600""","=""9780062876607""",0,Mariner Books,Hardcover,368,2020,2020,,2020/11/10,to-read,to-read (#136),to-read,,,,0,0
49933185,When Time Stopped: A Memoir of My Father's War and What Remains,Ariana Neumann,"Neumann, Ariana",,"=""1982106379""","=""9781982106379""",0,Scribner,Hardcover,336,2020,2020,,2020/11/10,to-read,to-read (#135),to-read,,,,0,0
52661162,"The Searcher (Cal Hooper, #1)",Tana French,"French, Tana",,"=""073522465X""","=""9780735224650""",0,Viking,Hardcover,451,2020,2020,,2020/11/10,to-read,to-read (#134),to-read,,,,0,0
52454426,Devolution: A Firsthand Account of the Rainier Sasquatch Massacre,Max Brooks,"Brooks, Max",,"=""1984826786""","=""9781984826787""",0,Del Rey Books,Hardcover,286,2020,2020,,2020/11/10,to-read,to-read (#133),to-read,,,,0,0
49090884,Tender Is the Flesh,Agustina Bazterrica,"Bazterrica, Agustina",Sarah Moses,"=""""","=""""",0,Scribner,Paperback,209,2020,2017,,2020/11/10,to-read,to-read (#132),to-read,,,,0,0
52764801,The Thirty Names of Night,Zeyn Joukhadar,"Joukhadar, Zeyn",,"=""1982121491""","=""9781982121495""",0,Atria Books,Hardcover,291,2020,2020,,2020/11/08,to-read,to-read (#131),to-read,,,,0,0
11329900,The Sisters Brothers,Patrick deWitt,"deWitt, Patrick",,"=""""","=""""",0,Ecco,Kindle Edition,281,2011,2011,,2020/06/29,,,read,,,,1,0
30009,Asimov's Guide to the Bible: The Old and New Testaments (2 Vol.),Isaac Asimov,"Asimov, Isaac",Rafael Palacios,"=""""","=""""",0,Wings,Hardcover,1295,1981,1968,,2020/11/07,to-read,to-read (#130),to-read,,,,0,0
36152812,"American Hippo (River of Teeth, #1-2)",Sarah Gailey,"Gailey, Sarah",,"=""1250176425""","=""9781250176424""",0,Tor.com,Kindle Edition,301,2018,2018,,2020/11/06,to-read,to-read (#129),to-read,,,,0,0
51297314,Shanti,Vikram Chandra,"Chandra, Vikram",,"=""0571356869""","=""9780571356867""",0,Faber & Faber,Paperback,80,2019,1997,,2020/11/06,to-read,to-read (#128),to-read,,,,0,0
28593090,Notes from the Shadowed City,Jeffrey Alan  Love,"Love, Jeffrey Alan",,"=""193386592X""","=""9781933865928""",0,Flesk Publications,Hardcover,160,2016,,,2020/11/06,to-read,to-read (#127),to-read,,,,0,0
52879778,A Registry of My Passage Upon the Earth: Stories,Daniel       Mason,"Mason, Daniel",,"=""031647763X""","=""9780316477635""",0,"Little, Brown and Company",Hardcover,240,2020,2020,,2020/11/06,to-read,to-read (#126),to-read,,,,0,0
37651293,Witchfinder,Andrew  Williams,"Williams, Andrew",,"=""""","=""""",0,Hodder & Stoughton,ebook,474,2019,2019,,2020/11/06,to-read,to-read (#125),to-read,,,,0,0
34640995,Being Ecological,Timothy Morton,"Morton, Timothy",,"=""0241274230""","=""9780241274231""",0,Pelican,Mass Market Paperback,230,2018,2018,,2020/11/06,to-read,to-read (#124),to-read,,,,0,0
45448133,The Seep,Chana Porter,"Porter, Chana",,"=""1641290862""","=""9781641290869""",0,Soho Press,Hardcover,203,2020,2020,,2020/11/06,to-read,to-read (#123),to-read,,,,0,0
17333230,The Luminaries,Eleanor Catton,"Catton, Eleanor",,"=""0316074314""","=""9780316074315""",0,"Little, Brown and Company",Hardcover,848,2013,2013,,2020/11/06,to-read,to-read (#122),to-read,,,,0,0
22929721,The Reef: A Passionate History: The Great Barrier Reef from Captain Cook to Climate Change,Iain McCalman,"McCalman, Iain",,"=""0374535345""","=""9780374535346""",0,"Scientific American / Farrar, Straus and Giroux",Paperback,352,2015,2013,,2020/11/06,to-read,to-read (#121),to-read,,,,0,0
41552709,The Uninhabitable Earth: Life After Warming,David Wallace-Wells,"Wallace-Wells, David",,"=""0525576703""","=""9780525576709""",0,Tim Duggan Books,Hardcover,310,2019,2019,,2020/11/06,to-read,to-read (#120),to-read,,,,0,0
4929,Kafka on the Shore,Haruki Murakami,"Murakami, Haruki",Philip Gabriel,"=""""","=""""",2,Vintage International,Paperback,467,2006,2002,2020/06/06,2020/05/14,,,read,,,,1,0
51792100,A Burning,Megha Majumdar,"Majumdar, Megha",,"=""0525658696""","=""9780525658696""",0,Knopf Publishing Group,Hardcover,304,2020,2020,,2020/11/04,to-read,to-read (#119),to-read,,,,0,0
298275,Nausea,Jean-Paul Sartre,"Sartre, Jean-Paul","Lloyd Alexander, Hayden Carruth","=""0811201880""","=""9780811201889""",0,New Directions,Hardcover,178,1969,1938,,2020/11/04,to-read,to-read (#118),to-read,,,,0,0
32331524,"The China Study: The Most Comprehensive Study of Nutrition Ever Conducted and the Startling Implications for Diet, Weight Loss, and Long-Term Health",T. Colin Campbell,"Campbell, T. Colin",,"=""""","=""""",4,BenBella Books,Kindle Edition,493,2016,2004,2020/11/03,2020/06/20,,,read,ya got a bit boring at the end but lots of good info,,,1,0
51700803,Eat a Peach,David Chang,"Chang, David",Gabe Ulla,"=""152475921X""","=""9781524759216""",0,Clarkson Potter Publishers,Hardcover,290,2020,2020,,2020/09/21,to-read,to-read (#117),to-read,,,,0,0
42270835,The Nickel Boys,Colson Whitehead,"Whitehead, Colson",,"=""""","=""""",4,Doubleday,ebook,213,2019,2019,2020/09/06,2020/07/18,,,read,,,,1,0
42519313,Nothing to See Here,Kevin    Wilson,"Wilson, Kevin",,"=""0062913484""","=""9780062913487""",4,Ecco,ebook,288,2019,2019,2020/08/23,2020/07/30,,,read,fire!,,,1,0
50870505,"The Dragons, the Giant, the Women: A Memoir",Wayétu  Moore,"Moore, Wayétu",,"=""""","=""""",0,Graywolf Press,Hardcover,250,2020,2020,,2020/08/20,to-read,to-read (#116),to-read,,,,0,0
34466963,Why We Sleep: Unlocking the Power of Sleep and Dreams,Matthew Walker,"Walker, Matthew",,"=""""","=""""",5,Scribner,Hardcover,368,2017,2017,2020/08/17,2020/06/09,,,read,yes. now i am afraid of not sleeping and it's hard not to tell everyone to SLEEP,,,1,0
44318414,The Dutch House,Ann Patchett,"Patchett, Ann",,"=""0062963678""","=""9780062963673""",2,Harper,Hardcover,337,2019,2019,2020/08/17,2020/05/22,,,read,2.45 stars<br/>That was boring.,,,1,0
42973186,How to Do Nothing: Resisting the Attention Economy,Jenny Odell,"Odell, Jenny",,"=""1612197507""","=""9781612197500""",4,Melville House Publishing,Kindle Edition,225,2019,2019,2020/08/13,2020/07/29,,,read,3.8 stars. lots of tangents but interesting tangents about performance art and philosophy. surprisingly little about technology.,,,1,0
33912808,The Embodied Mind: Cognitive Science and Human Experience (The MIT Press),Francisco J. Varela,"Varela, Francisco J.",,"=""""","=""""",0,The MIT Press,Kindle Edition,388,2017,1991,,2020/08/13,to-read,to-read (#115),to-read,,,,0,0
1044355,When You Are Engulfed in Flames,David Sedaris,"Sedaris, David",,"=""0316143472""","=""9780316143479""",0,Little Brown and Company,Hardcover,323,2008,2008,,2020/08/10,to-read,to-read (#114),to-read,,,,0,0
44587970,Rest and Be Thankful,Emma Glass,"Glass, Emma",,"=""1526601079""","=""9781526601070""",0,Bloomsbury Publishing,Hardcover,144,2020,2020,,2020/08/10,to-read,to-read (#113),to-read,,,,0,0
26082916,"Ready Player Two (Ready Player One, #2)",Ernest Cline,"Cline, Ernest",,"=""1524761338""","=""9781524761332""",0,Ballantine Books,Hardcover,370,2020,2020,,2020/08/10,to-read,to-read (#112),to-read,,,,0,0
50489321,The Dead Are Arising: The Life of Malcolm X,Les Payne,"Payne, Les",Tamara Payne,"=""1631491660""","=""9781631491665""",0,"Liveright Publishing Corporation/W.W. Norton & Company, Inc.",Hardcover,612,2020,2020,,2020/08/10,to-read,to-read (#111),to-read,,,,0,0
52203768,Stranger Faces (Undelivered Lectures),Namwali Serpell,"Serpell, Namwali",,"=""1945492430""","=""9781945492433""",0,Transit Books,Paperback,140,2020,2020,,2020/08/10,to-read,to-read (#110),to-read,,,,0,0
51243985,That Time of Year,Marie NDiaye,"NDiaye, Marie",Jordan Stump,"=""1931883912""","=""9781931883917""",0,Two Lines Press,Hardcover,128,2020,1994,,2020/08/10,to-read,to-read (#109),to-read,,,,0,0
48678117,Winter Counts,David Heska Wanbli Weiden,"Weiden, David Heska Wanbli",,"=""0062968947""","=""9780062968944""",0,Ecco,Hardcover,325,2020,2020,,2020/08/10,to-read,to-read (#108),to-read,,,,0,0
52380207,Trouble the Saints,Alaya Dawn Johnson,"Johnson, Alaya Dawn",,"=""1250175348""","=""9781250175342""",0,Tor Books,Hardcover,352,2020,2020,,2020/08/10,to-read,to-read (#107),to-read,,,,0,0
51542370,Pew,Catherine Lacey,"Lacey, Catherine",,"=""0374230927""","=""9780374230920""",0,"Farrar, Straus and Giroux",Hardcover,224,2020,2020,,2020/08/10,to-read,to-read (#106),to-read,,,,0,0
18007535,The Winter People,Jennifer  McMahon,"McMahon, Jennifer",,"=""0385538499""","=""9780385538497""",0,Doubleday,Hardcover,317,2014,2014,,2020/08/09,to-read,to-read (#105),to-read,,,,0,0
50714359,The Unfair Advantage: How You Already Have What It Takes to Succeed,Ash Ali,"Ali, Ash",Hasan Kubba,"=""1788163311""","=""9781788163316""",0,Profile Books,Hardcover,256,2020,,,2020/08/09,to-read,to-read (#104),to-read,,,,0,0
42121525,Migrations,Charlotte McConaghy,"McConaghy, Charlotte",,"=""125020402X""","=""9781250204028""",0,Flatiron Books,Hardcover,259,2020,2020,,2020/08/09,to-read,to-read (#103),to-read,,,,0,0
16284965,24/7: Late Capitalism and the Ends of Sleep,Jonathan Crary,"Crary, Jonathan",,"=""1781680930""","=""9781781680933""",0,Verso,Hardcover,144,2013,2013,,2020/08/08,to-read,to-read (#102),to-read,,,,0,0
9850443,The Sisters Brothers,Patrick deWitt,"deWitt, Patrick",,"=""0062041266""","=""9780062041265""",4,Ecco,Hardcover,328,2011,2011,2020/08/07,2020/07/31,,,read,,,,1,0
72579,Alias Grace,Margaret Atwood,"Atwood, Margaret",,"=""0385475713""","=""9780385475716""",0,Doubleday Nan A. Talese,Hardcover,468,1996,1996,,2020/08/02,to-read,to-read (#101),to-read,,,,0,0
50534595,The Haunting of Hill House,Shirley Jackson,"Jackson, Shirley",Laura Miller,"=""""","=""""",4,Penguin Classics,Kindle Edition,158,2006,1959,2020/07/31,2020/07/29,,,read,"v good writing, not v scary",,,1,0
127227,The Human Condition,Hannah Arendt,"Arendt, Hannah",Margaret Canovan,"=""0226025985""","=""9780226025988""",0,The University of Chicago Press,Paperback,349,1998,1958,,2020/07/30,to-read,to-read (#100),to-read,,,,0,0
44279110,My Year of Rest and Relaxation,Ottessa Moshfegh,"Moshfegh, Ottessa",,"=""0525522131""","=""9780525522133""",3,Penguin Books,Paperback,289,2019,2018,2020/07/27,2020/06/29,,,read,3.5 stars,,,1,0
43126457,Trick Mirror: Reflections on Self-Delusion,Jia Tolentino,"Tolentino, Jia",,"=""0525510540""","=""9780525510543""",0,Random House,Hardcover,303,2019,2019,,2020/07/26,to-read,to-read (#99),to-read,,,,0,0
10357675,A First-Rate Madness: Uncovering the Links Between Leadership and Mental Illness,S. Nassir Ghaemi,"Ghaemi, S. Nassir",,"=""1594202958""","=""9781594202957""",0,Penguin Press,Hardcover,340,2011,2011,,2020/07/24,to-read,to-read (#98),to-read,,,,0,0
23719305,How Emotions Are Made: The Secret Life of the Brain,Lisa Feldman Barrett,"Barrett, Lisa Feldman",,"=""0544133315""","=""9780544133310""",0,Houghton Mifflin Harcourt,Hardcover,425,2017,2017,,2020/07/21,to-read,to-read (#97),to-read,,,,0,0
29543,Creator,Jeremy Leven,"Leven, Jeremy",,"=""0595179614""","=""9780595179619""",0,Iuniverse Inc,Paperback,496,2001,1980,,2020/07/21,to-read,to-read (#96),to-read,,,,0,0
4069,Man's Search for Meaning,Viktor E. Frankl,"Frankl, Viktor E.","Harold S. Kushner, William J. Winslade, Isle Lasch","=""080701429X""","=""9780807014295""",0,Beacon Press,Paperback,165,2006,1946,2020/07/21,2020/05/30,,,read,,,,1,0
38819529,"The Hobbit (Middle Earth, #0)",J.R.R. Tolkien,"Tolkien, J.R.R.",,"=""""","=""""",4,Houghton Mifflin Harcourt,Kindle Edition,297,2012,1937,2020/07/18,2019/07/29,,,read,,,,1,0
36348525,Severance,Ling  Ma,"Ma, Ling",,"=""0374261598""","=""9780374261597""",0,"Farrar, Straus and Giroux",Hardcover,291,2018,2018,,2020/07/18,to-read,to-read (#95),to-read,,,,0,0
10322322,Bødy,Asa Nonami,"Nonami, Asa",,"=""1934287377""","=""9781934287378""",0,Vertical,Paperback,192,2012,1999,,2020/07/18,to-read,to-read (#94),to-read,,,,0,0
52854193,The Answer Is…: Reflections on My Life,Alex Trebek,"Trebek, Alex",,"=""""","=""""",0,Simon & Schuster,Hardcover,304,2020,2020,,2020/07/17,to-read,to-read (#93),to-read,,,,0,0
40121985,How to Hide an Empire: A History of the Greater United States,Daniel Immerwahr,"Immerwahr, Daniel",,"=""0374172145""","=""9780374172145""",0,"Farrar, Straus and Giroux",Hardcover,513,2019,2019,,2020/07/15,to-read,to-read (#92),to-read,,,,0,0
40097951,The Silent Patient,Alex Michaelides,"Michaelides, Alex",,"=""1250301696""","=""9781250301697""",0,Celadon Books,Hardcover,336,2019,2019,,2020/07/15,to-read,to-read (#91),to-read,,,,0,0
3636,"The Giver (The Giver, #1)",Lois Lowry,"Lowry, Lois",,"=""0385732554""","=""9780385732550""",0,Ember,Paperback,208,2006,1993,,2020/07/15,,,read,,,,1,0
9553383,A History of the World in 100 Objects,Neil MacGregor,"MacGregor, Neil",,"=""1846144132""","=""9781846144134""",0,Allen Lane,Hardcover,707,2010,2010,,2020/07/14,to-read,to-read (#90),to-read,,,,0,0
43330226,A Compassionate Guide For Social Robots,Marcel Heerink,"Heerink, Marcel",,"=""9082977907""","=""9789082977905""",0,E3,Paperback,231,2018,,,2020/07/14,to-read,to-read (#89),to-read,,,,0,0
11468377,"Thinking, Fast and Slow",Daniel Kahneman,"Kahneman, Daniel",,"=""0374275637""","=""9780374275631""",0,"Farrar, Straus and Giroux",Hardcover,499,2011,2011,,2020/07/14,to-read,to-read (#88),to-read,,,,0,0
38820046,21 Lessons for the 21st Century,Yuval Noah Harari,"Harari, Yuval Noah",,"=""0525512179""","=""9780525512172""",0,Random House,Hardcover,372,2018,2018,,2020/07/14,to-read,to-read (#87),to-read,,,,0,0
41717572,So You Want to Talk About Race,Ijeoma Oluo,"Oluo, Ijeoma",,"=""1580058825""","=""9781580058827""",0,Seal Press,Paperback,256,2019,2018,2020/07/14,2020/06/05,,,read,,,,1,0
17887932,"Philosophy 101: From Plato and Socrates to Ethics and Metaphysics, an Essential Primer on the History of Thought (Adams 101 Series)",Paul Kleinman,"Kleinman, Paul",,"=""1440567670""","=""9781440567674""",1,Adams Media,Hardcover,288,2013,2013,2020/07/13,2020/06/28,,,read,"there was only one chapter on eastern philosophy, which included one paragraph on confucianism. and in that one paragraph the author said that ""Confucius created the ... notion of Yin Yang"". amazing. are u kidding me. <br/><br/>this book is so dry. there are so many unnecessary details but also so much important stuff left out at the same time. i thought philosophy was about thinking for yourself and making your own conclusions; the author does not encourage any of that.<br/><br/>also the chapter order makes no sense at all i'm pretty sure the order is random. there are 54 chapters. the 50th chapter deals with ethics. shouldn't that be one of the first chapters?? i don't understand how it goes Pre-Socratic --> Socrates --> Plato --> Aristotle, which makes perfect, LOGICAL sense, and then jumps to francis bacon, hume, BACK to st. aquinas, flash forward to rousseau, kant, stepping back 100 years to locke, 100 mOre years backwards to descartes and hobbes, then (finally) formally introducing metaphysics (????), followed by jumping 300 years to sartre (-1980), backtracking AGAIN to a chapter on the enlightenment, giving me whiplash by immediately jumping to nietzsche (-1900) in the very next chapter, then introducing epistemology (the study OF KNOWLEDGE) in the 38TH CHAPTER, then schopenhauer and marx and heidegger (all 3 of which are actually in chronological order), immediately followed by voltaire, who lived before all three of those german dudes, and then one chapter on eastern philosophy (couldn't he have broken it up even a little bit?), then going to the year 980 with avicenna, then JUMPING AGAIN all the freaNKINGHTDEONEHUODH way to bertrand russell who died in 1970, then lightly touching on phenomenology, ethics, philosophy of science, spinoza (for some reason being the 2nd to last chapter), before finishing with a chapter on the philosophy of religion. WHY. the nonsense ordering goes to the last chapter. it would make infinitely more sense for the philosophy of religion to be the first chapter instead. why not talk about the future of philosophy at the end? <br/><br/>here is what it says in the book description:<br/><blockquote>Philosophy 101 cuts out the boring details and exhausting philosophical methodology, and instead, gives you a lesson in philosophy that keeps you engaged as you explore the fascinating history of human thought and inquisition.</blockquote><br/>incorrect.<br/><br/>since almost everyone reading this book will be new to philosophy, it's important for this book to be engaging, unbiased, and accurate in order to give those reading a good foundation on which to build their philosophical knowledge.<br/><br/>what a terrible fucking booK",,,1,0
6988014,Seven Days in the Art World,Sarah Thornton,"Thornton, Sarah",,"=""039333712X""","=""9780393337129""",0,W. W. Norton & Company,Paperback,320,2009,2008,,2020/07/13,to-read,to-read (#86),to-read,,,,0,0
45892207,The Boatman's Daughter,Andy  Davidson,"Davidson, Andy",,"=""0374538557""","=""9780374538552""",0,MCD x FSG Originals,Paperback,403,2020,2020,,2020/07/13,to-read,to-read (#85),to-read,,,,0,0
51285749,"The Book of Koli (Rampart Trilogy, #1)",M.R. Carey,"Carey, M.R.",,"=""0316477532""","=""9780316477536""",0,Orbit,Paperback,416,2020,2020,,2020/07/13,to-read,to-read (#84),to-read,,,,0,0
41459037,The Lesson,Cadwell Turnbull,"Turnbull, Cadwell",,"=""1538584646""","=""9781538584644""",0,Blackstone Publishing,Hardcover,286,2019,2019,,2020/07/13,to-read,to-read (#83),to-read,,,,0,0
28245250,The Eyes of the Dragon,Stephen  King,"King, Stephen",,"=""1501141198""","=""9781501141195""",0,Scribner,Kindle Edition,386,2017,1984,,2020/07/13,to-read,to-read (#82),to-read,,,,0,0
28253070,"The Gunslinger (The Dark Tower, #1)",Stephen  King,"King, Stephen",,"=""""","=""""",0,Scribner,ebook,385,2016,1982,,2020/07/13,to-read,to-read (#81),to-read,,,,0,0
1191620,Contact,Carl Sagan,"Sagan, Carl",,"=""0671434004""","=""9780671434007""",0,Simon & Schuster ,Hardcover,432,1985,1985,,2020/07/13,to-read,to-read (#80),to-read,,,,0,0
6334,Never Let Me Go,Kazuo Ishiguro,"Ishiguro, Kazuo",,"=""1400078776""","=""9781400078776""",0,Vintage Books ,Paperback,288,2010,2005,,2020/07/13,to-read,to-read (#79),to-read,,,,0,0
48890486,Breath: The New Science of a Lost Art,James Nestor,"Nestor, James",,"=""0735213615""","=""9780735213616""",0,Riverhead Books,Hardcover,280,2020,2020,,2020/07/11,to-read,to-read (#78),to-read,,,,0,0
25666046,The North Water,Ian McGuire,"McGuire, Ian",,"=""1627795944""","=""9781627795944""",0,Henry Holt and Co.,Hardcover,255,2016,2016,,2020/07/10,to-read,to-read (#77),to-read,,,,0,0
12082644,A Brief History of Thought: A Philosophical Guide to Living,Luc Ferry,"Ferry, Luc",,"=""0062074245""","=""9780062074249""",0,Harper Perennial,Paperback,304,2011,1996,2020/07/08,2020/06/15,philosophy,philosophy (#8),read,"i think i absorbed like 20% of the info in this book. def not an unbiased history, but he makes his stance obvious",,,1,0
2088082,What Is the Good Life?,Luc Ferry,"Ferry, Luc",Lydia G. Cochrane,"=""0226244539""","=""9780226244532""",0,University of Chicago Press,Hardcover,320,2005,2002,,2020/07/08,"philosophy, to-read","philosophy (#7), to-read (#76)",to-read,,,,0,0
31875,What Is Ancient Philosophy?,Pierre Hadot,"Hadot, Pierre",Michael Chase,"=""0674013735""","=""9780674013735""",0,Belknap Press: An Imprint of Harvard University Press,Paperback,384,2004,1995,,2020/07/08,"philosophy, to-read","philosophy (#1), to-read (#75)",to-read,,,,0,0
60080,Groundwork of the Metaphysics of Morals,Immanuel Kant,"Kant, Immanuel","Christine M. Korsgaard, Mary Gregor","=""0521626951""","=""9780521626958""",0,Cambridge University Press,Paperback,120,1998,1785,,2020/07/08,"philosophy, to-read","philosophy (#3), to-read (#74)",to-read,,,,0,0
22472,Discourse on the Origin of Inequality,Jean-Jacques Rousseau,"Rousseau, Jean-Jacques",,"=""0486434141""","=""9780486434148""",0,Dover Publications,Paperback,73,2004,1755,,2020/07/08,"philosophy, to-read","philosophy (#2), to-read (#73)",to-read,,,,0,0
851994,Twilight of the Idols,Friedrich Nietzsche,"Nietzsche, Friedrich","Richard Polt, Tracy B. Strong","=""0872203549""","=""9780872203549""",0,"Hackett Publishing Company, Inc.",Paperback,128,1997,1889,,2020/07/08,"philosophy, to-read","philosophy (#4), to-read (#72)",to-read,,,,0,0
51985,Existentialism is a Humanism,Jean-Paul Sartre,"Sartre, Jean-Paul","Arlette Elkaïm-Sartre, Annie Cohen-Solal, Carol Macomber","=""0300115466""","=""9780300115468""",0,Yale University Press,Paperback,122,2007,1946,,2020/07/08,"philosophy, to-read","philosophy (#5), to-read (#71)",to-read,,,,0,0
50196744,Know My Name,Chanel Miller,"Miller, Chanel",,"=""0735223718""","=""9780735223714""",0,Viking,ebook,384,2019,2019,,2020/07/09,to-read,to-read (#70),to-read,,,,0,0
35664645,The Liars' Asylum,Jacob M. Appel,"Appel, Jacob M.",,"=""1625579751""","=""9781625579751""",4,Black Lawrence Press,Paperback,176,2017,2017,2020/07/08,2020/07/02,,,read,,,,1,0
52111503,Antkind,Charlie Kaufman,"Kaufman, Charlie",,"=""0399589686""","=""9780399589683""",0,Random House,Hardcover,720,2020,2020,,2020/07/07,to-read,to-read (#69),to-read,,,,0,0
48842144,The Shadows,Alex North,"North, Alex",,"=""1250318033""","=""9781250318039""",0,Celadon Books,Hardcover,325,2020,2020,,2020/07/07,to-read,to-read (#68),to-read,,,,0,0
6393082,"Ender's Game, Volume 1: Battle School (Ender's Saga)",Christopher Yost,"Yost, Christopher","Orson Scott Card, Pasqual Ferry","=""0785135804""","=""9780785135807""",5,Marvel Enterprises,Hardcover,120,2009,2009,,2020/07/04,,,read,,,,1,0
77203,The Kite Runner,Khaled Hosseini,"Hosseini, Khaled",,"=""159463193X""","=""9781594631931""",4,Riverhead Books,Paperback,371,2004,2003,,2020/07/04,,,read,,,,1,0
49891,"The Return of the King (The Lord of the Rings, #3)",J.R.R. Tolkien,"Tolkien, J.R.R.",,"=""0618002243""","=""9780618002245""",5,Houghton Mifflin,Paperback,410,1994,1955,2020/07/04,2020/06/28,,,read,"i would watch the movies first, and then the extended editions, and then if you reaLLy liked it and want to learn more of the lore theN i would read the books. but 5 stars. good book. all characters got a resolution, just like in any classic fantasy. i don't even liKe fantasy, but this was good. v glad to be done with these books though (until i read the hobbit).",,,1,0
22571552,So You've Been Publicly Shamed,Jon Ronson,"Ronson, Jon",,"=""1594487138""","=""9781594487132""",0,Riverhead Books,Hardcover,290,2015,2015,,2020/07/03,to-read,to-read (#67),to-read,,,,0,0
36755777,Indian Horse: A Novel,Richard Wagamese,"Wagamese, Richard",,"=""1571311300""","=""9781571311306""",0,Milkweed Editions,Paperback,240,2018,2012,,2020/06/29,to-read,to-read (#66),to-read,,,,0,0
12497,No Country for Old Men,Cormac McCarthy,"McCarthy, Cormac",,"=""""","=""""",0,Knopf Doubleday Publishing Group,Paperback,309,2006,2005,,2020/06/29,to-read,to-read (#65),to-read,,,,0,0
34381330,In the Distance,Hernan Diaz,"Diaz, Hernan",,"=""1566894883""","=""9781566894883""",0,Coffee House Press,Paperback,256,2017,2017,,2020/06/29,to-read,to-read (#64),to-read,,,,0,0
40727599,Imagine Me Gone,Adam Haslett,"Haslett, Adam",,"=""031626136X""","=""9780316261364""",0,"Little, Brown and Company",Kindle Edition,369,2016,2016,,2020/06/29,to-read,to-read (#63),to-read,,,,0,0
22237161,The Sellout,Paul Beatty,"Beatty, Paul",,"=""0374260508""","=""9780374260507""",0,"Farrar, Straus and Giroux",Hardcover,289,2015,2015,,2020/06/29,to-read,to-read (#62),to-read,,,,0,0
51373,"Change Your Brain, Change Your Life: The Breakthrough Program for Conquering Anxiety, Depression, Obsessiveness, Anger, and Impulsiveness",Daniel G. Amen,"Amen, Daniel G.",,"=""0812929985""","=""9780812929980""",0,Harmony,Paperback,337,1999,1998,,2020/06/29,to-read,to-read (#61),to-read,,,,0,0
45791,The Ballad of the Sad Café and Other Stories,Carson McCullers,"McCullers, Carson",,"=""0618565868""","=""9780618565863""",0,Mariner Books,Paperback,160,2005,1951,,2020/06/28,to-read,to-read (#60),to-read,,,,0,0
13079982,Fahrenheit 451,Ray Bradbury,"Bradbury, Ray",,"=""""","=""""",0,Simon & Schuster,Mass Market Paperback,249,2011,1953,,2019/07/29,,,read,,,,1,0
42170293,I Will Teach You to Be Rich: No Guilt. No Excuses. No B.S. Just a 6-Week Program That Works.,Ramit Sethi,"Sethi, Ramit",,"=""""","=""""",4,Workman Publishing Company,ebook,352,2019,2009,2019/07/29,2019/07/29,,,read,,,,1,0
16280156,Fahrenheit 451,Ray Bradbury,"Bradbury, Ray",,"=""0345342968""","=""9780345342966""",3,Del Rey / Ballantine Books,Mass Market Paperback,190,2003,1953,2020/06/26,2020/06/21,,,read,"it was good to put myself into a boomer's shoes. i like the thoughts on censorship and how that censorship came to be. in many ways the world depicted was illogical; i didn't like the dismissive nature of visual media. it's okay if a story is unrealistic, but an illogical story does not sit right with me.",,,1,0
43611499,The Body: A Guide for Occupants,Bill Bryson,"Bryson, Bill",,"=""""","=""""",5,Anchor,Kindle Edition,478,2019,2019,2020/06/25,2020/05/22,,,read,"it's basically just a book of fun facts, but they are reaLLy fun facts... actually some of the fun facts are pretty depressing. ",,,1,0
78129,"Killing Floor (Jack Reacher, #1)",Lee Child,"Child, Lee",,"=""0515141429""","=""9780515141429""",0,Jove,Mass Market Paperback,474,2006,1997,,2020/06/24,to-read,to-read (#59),to-read,,,,0,0
41817431,Without a Prayer: The Death of Lucas Leonard and How One Church Became a Cult,Susan Ashline,"Ashline, Susan",,"=""1643130722""","=""9781643130729""",0,Pegasus Crime,Hardcover,400,2019,2019,,2020/06/20,to-read,to-read (#58),to-read,,,,0,0
15320,Exquisite Corpse,Poppy Z. Brite,"Brite, Poppy Z.",,"=""0684836270""","=""9780684836270""",0,Gallery Books,Paperback,240,1997,1996,,2020/06/20,to-read,to-read (#57),to-read,,,,0,0
25986929,"Goodnight Punpun Omnibus, Vol. 1",Inio Asano,"Asano, Inio",,"=""1421586207""","=""9781421586205""",0,VIZ Media LLC,Paperback,426,2016,2006,,2020/06/20,to-read,to-read (#56),to-read,,,,0,0
25189315,Smoke Gets in Your Eyes & Other Lessons from the Crematory,Caitlin Doughty,"Doughty, Caitlin",,"=""0393351904""","=""9780393351903""",0,W. W. Norton & Company,Paperback,254,2015,2014,,2020/06/20,to-read,to-read (#55),to-read,,,,0,0
1895109,Move Yourself: The Cooper Clinic Medical Director's Guide to All the Healing Benefits of Exercise (Even a Little!),Tedd Mitchell,"Mitchell, Tedd","Tim Church, Martin Zucker","=""0470042230""","=""9780470042236""",0,Trade Paper Press,Hardcover,272,2008,2008,,2020/06/20,to-read,to-read (#54),to-read,,,,0,0
4407,"American Gods (American Gods, #1)",Neil Gaiman,"Gaiman, Neil",,"=""""","=""""",0,Headline Review,Paperback,635,2005,2001,,2020/06/18,to-read,to-read (#53),to-read,,,,0,0
16694,"The Two Towers (The Lord of the Rings, #2)",J.R.R. Tolkien,"Tolkien, J.R.R.",,"=""0618002235""","=""9780618002238""",4,Houghton Mifflin Company,Paperback,734,1994,1954,2020/06/20,2020/06/16,,,read,"way better than the first one, mainly bc of gollum",,,1,0
1920732,Two Homelands,Toyoko Yamasaki,"Yamasaki, Toyoko",,"=""0824829441""","=""9780824829445""",0,University of Hawaii Press,Paperback,704,2007,2007,,2020/06/19,to-read,to-read (#52),to-read,,,,0,0
10614,Misery,Stephen  King,"King, Stephen",,"=""0450417395""","=""9780450417399""",4,New English Library,Paperback,370,1992,1987,,2020/06/18,,,read,,,,1,0
11250317,The Song of Achilles,Madeline Miller,"Miller, Madeline",,"=""1408816032""","=""9781408816035""",0,Bloomsbury Publishing,Hardcover,352,2011,2011,,2020/06/18,to-read,to-read (#51),to-read,,,,0,0
18378823,Dust of Eden,Mariko Nagai,"Nagai, Mariko",,"=""0807517399""","=""9780807517390""",0,Albert Whitman & Company,Hardcover,128,2014,2014,,2020/06/18,to-read,to-read (#50),to-read,,,,0,0
52712377,Neo.Life: 25 Visions for the Future of Our Species,Jane Metcalfe,"Metcalfe, Jane",Brian Bergstein,"=""1733152008""","=""9781733152006""",0,"NEO.LIFE, Inc.",Hardcover,160,2019,2019,,2020/06/18,to-read,to-read (#49),to-read,,,,0,0
5899779,"Pride and Prejudice and Zombies (Pride and Prejudice and Zombies, #1)",Seth Grahame-Smith,"Grahame-Smith, Seth",,"=""1594743347""","=""9781594743344""",0,Quirk Classics,Paperback,320,2009,2009,,2020/06/18,to-read,to-read (#48),to-read,,,,0,0
18423,The Left Hand of Darkness,Ursula K. Le Guin,"Guin, Ursula K. Le",,"=""""","=""""",0,Ace,Paperback,304,2000,1969,,2020/06/18,to-read,to-read (#47),to-read,,,,0,0
43545,"The Once and Future King (The Once and Future King, #1-5)",T.H. White,"White, T.H.",,"=""""","=""""",0,Ace,Mass Market Paperback,639,1987,1958,,2020/06/18,to-read,to-read (#46),to-read,,,,0,0
25744928,Deep Work: Rules for Focused Success in a Distracted World,Cal Newport,"Newport, Cal",,"=""1455586692""","=""9781455586691""",0,Grand Central Publishing,Hardcover,296,2016,2016,,2020/06/17,to-read,to-read (#44),to-read,,,,0,0
33021688,The Color of Law: A Forgotten History of How Our Government Segregated America,Richard Rothstein,"Rothstein, Richard",,"=""1631492861""","=""9781631492860""",0,Liveright,Kindle Edition,358,2017,2017,,2020/06/17,to-read,to-read (#43),to-read,,,,0,0
71642,"New and Selected Poems, Volume One",Mary Oliver,"Oliver, Mary",,"=""0807068780""","=""9780807068786""",0,Beacon Press,Hardcover,255,2005,1992,,2020/06/16,to-read,to-read (#42),to-read,,,,0,0
40611510,The Last Lecture,Randy Pausch,"Pausch, Randy",Jeffrey Zaslow,"=""""","=""""",0,Hachette Books,Kindle Edition,217,2008,2008,,2020/06/15,to-read,to-read (#41),to-read,,,,0,0
49286,How We Die: Reflections of Life's Final Chapter,Sherwin B. Nuland,"Nuland, Sherwin B.",,"=""0679742441""","=""9780679742449""",0,Vintage,Paperback,278,1995,1994,,2020/06/15,to-read,to-read (#40),to-read,,,,0,0
40672036,Digital Minimalism: Choosing a Focused Life in a Noisy World,Cal Newport,"Newport, Cal",,"=""052553654X""","=""""",0,Portfolio,Kindle Edition,302,2019,2019,,2020/06/14,to-read,to-read (#39),to-read,,,,0,0
26156469,Never Split the Difference: Negotiating As If Your Life Depended On It,Chris Voss,"Voss, Chris",Tahl Raz,"=""0062407805""","=""9780062407801""",0,Harper Business,Hardcover,274,2016,2016,,2020/06/14,to-read,to-read (#38),to-read,,,,0,0
29545,"Satan: His Psychotherapy and Cure by the Unfortunate Dr. Kassler, J.S.P.S",Jeremy Leven,"Leven, Jeremy",,"=""059514506X""","=""9780595145065""",0,Backinprint.Com,Paperback,496,2000,1982,,2020/06/14,to-read,to-read (#37),to-read,,,,0,0
81779,The Symposium,Plato,"Plato, Plato",Christopher Gill,"=""0140449272""","=""9780140449273""",0,Penguin Books,Paperback,90,2003,-380,2020/06/13,2020/05/26,,,read,,,,1,0
178528,Nigger,Dick Gregory,"Gregory, Dick",Robert Lipsyte,"=""0671735608""","=""9780671735609""",0,Pocket Books,Mass Market Paperback,224,1990,1964,,2020/06/12,to-read,to-read (#36),to-read,,,,0,0
7507825,At Home: A Short History of Private Life,Bill Bryson,"Bryson, Bill",,"=""0767919386""","=""9780767919388""",0,Doubleday,Hardcover,497,2010,2010,,2020/06/12,to-read,to-read (#35),to-read,,,,0,0
21,A Short History of Nearly Everything,Bill Bryson,"Bryson, Bill",,"=""076790818X""","=""9780767908184""",0,Crown,Paperback,544,2004,2003,,2020/06/12,to-read,to-read (#34),to-read,,,,0,0
431,"The New York Trilogy (New York Trilogy, #1-3)",Paul Auster,"Auster, Paul","Lucy Sante, Art Spiegelman","=""0143039830""","=""9780143039839""",0,Penguin Classics,Paperback,308,2006,1987,,2020/06/12,to-read,to-read (#33),to-read,,,,0,0
721609,Spark: The Revolutionary New Science of Exercise and the Brain,John J. Ratey,"Ratey, John J.",Eric Hagerman,"=""0316113506""","=""9780316113502""",0,"Little, Brown Spark",Hardcover,294,2008,2008,,2020/06/10,to-read,to-read (#32),to-read,,,,0,0
26312997,Peak: Secrets from the New Science of Expertise,K. Anders Ericsson,"Ericsson, K. Anders",Robert Pool,"=""0544456254""","=""9780544456259""",3,HarperOne,ebook,336,2016,2016,2020/06/10,2020/05/15,,,read,there r important + insightful things in this book but it's not a how-to book or a self-help book. it's a nonfiction book summarizing the science of expertise. it's v repetitive and kind of boring at parts and could be drastically condensed,,,1,0
34950863,"Change Your Schedule, Change Your Life: How to Harness the Power of Clock Genes to Lose Weight, Optimize Your Workout, and Finally Get a Good Night's Sleep",Suhas Kshirsagar,"Kshirsagar, Suhas",,"=""0062684884""","=""9780062684882""",0,Harper Wave,ebook,288,2018,2018,,2020/06/09,to-read,to-read (#31),to-read,,,,0,0
23692271,Sapiens: A Brief History of Humankind,Yuval Noah Harari,"Harari, Yuval Noah",,"=""""","=""""",0,Vintage,Paperback,512,2015,2011,,2020/06/09,to-read,to-read (#30),to-read,,,,0,0
66354,Flow: The Psychology of Optimal Experience,Mihály Csíkszentmihályi,"Csíkszentmihályi, Mihály",,"=""""","=""""",0,Harper Perennial,Paperback,303,1990,1990,,2020/06/09,to-read,to-read (#29),to-read,,,,0,0
20665578,Severed: A History of Heads Lost and Heads Found,Frances Larson,"Larson, Frances",,"=""0871404540""","=""9780871404541""",0,Liveright,Hardcover,336,2014,2014,,2020/06/08,to-read,to-read (#28),to-read,,,,0,0
26137012,The Autobiography of Malcolm X,Malcolm X,"X, Malcolm","Alex Haley, M.S. Handler","=""1101967803""","=""9781101967805""",5,One World,Kindle Edition,528,2015,1965,2020/06/08,2020/06/01,,,read,,,,1,0
8664353,"Unbroken: A World War II Story of Survival, Resilience and Redemption",Laura Hillenbrand,"Hillenbrand, Laura",,"=""1400064163""","=""9781400064168""",0,Random House,Hardcover,475,2010,2010,,2020/06/07,to-read,to-read (#27),to-read,,,,0,0
21787,The Princess Bride,William Goldman,"Goldman, William",,"=""0345418263""","=""9780345418265""",0,Ballantine Books,Paperback,429,2003,1973,,2020/06/06,to-read,to-read (#26),to-read,,,,0,0
36373481,The Death of Mrs. Westaway,Ruth Ware,"Ware, Ruth",,"=""1501156217""","=""9781501156212""",0,Scout Press,Hardcover,368,2018,2018,,2020/06/06,to-read,to-read (#25),to-read,,,,0,0
237118,Tales of Moonlight and Rain,Ueda Akinari,"Akinari, Ueda",Anthony H. Chambers,"=""0231139128""","=""9780231139120""",0,Columbia University Press,Hardcover,248,2006,1776,,2020/06/05,to-read,to-read (#24),to-read,,,,0,0
22632,"The Trial and Death of Socrates (Euthyphro, Apology, Crito, Phaedo)",Plato,"Plato, Plato","John M. Cooper, G.M.A. Grube","=""0872205541""","=""9780872205543""",0,Hackett Publishing Company,Paperback,58,2001,-400,2020/01/01,2020/05/25,,,read,,,,1,0
50902608,I Am Legend,Richard Matheson,"Matheson, Richard",,"=""""","=""""",3,RosettaBooks,Kindle Edition,146,2011,1954,2020/05/30,2020/05/27,,,read,,,,1,0
1617,Night,Elie Wiesel,"Wiesel, Elie","Marion Wiesel, François Mauriac","=""0374500010""","=""9780374500016""",5,Hill & Wang,Paperback,120,2006,1956,,2020/05/30,,,read,,,,1,0
39108567,"The Restaurant at the End of the Universe (The Hitchhiker's Guide to the Galaxy, #2)",Douglas Adams,"Adams, Douglas",,"=""""","=""""",3,Del Rey,Kindle Edition,255,2014,1980,2020/05/27,2020/05/25,,,read,,,,1,0
485894,The Metamorphosis,Franz Kafka,"Kafka, Franz",Stanley Corngold,"=""0553213695""","=""9780553213690""",0,Bantam Classics,Mass Market Paperback,201,1972,1915,,2020/05/27,to-read,to-read (#23),to-read,,,,0,0
149267,The Stand,Stephen  King,"King, Stephen",Bernie Wrightson,"=""""","=""""",0,Doubleday Books,Hardcover,1152,1990,1978,,2019/07/29,,,read,,,,1,0
17665637,No Longer Human,Osamu Dazai,"Dazai, Osamu",Donald Keene,"=""0811220079""","=""9780811220071""",4,New Directions,Kindle Edition,177,2012,1948,2020/05/22,2020/05/14,,,read,,,,1,0
37415,Their Eyes Were Watching God,Zora Neale Hurston,"Hurston, Zora Neale",,"=""0061120065""","=""9780061120060""",3,Amistad,Paperback,238,2006,1937,,2020/05/21,,,read,,,,1,0
35407631,The Emissary,Yōko Tawada,"Tawada, Yōko",Margaret Mitsutani,"=""0811227626""","=""9780811227629""",0,New Directions,Paperback,138,2018,2014,,2020/05/20,to-read,to-read (#15),to-read,,,,0,0
49628,Cloud Atlas,David  Mitchell,"Mitchell, David",,"=""0375507256""","=""9780375507250""",0,Random House,Paperback,509,2004,2004,,2020/05/21,to-read,to-read (#22),to-read,,,,0,0
13259262,The Martian Chronicles,Ray Bradbury,"Bradbury, Ray",,"=""1451678193""","=""9781451678192""",4,Simon & Schuster,Mass Market Paperback,241,2012,1950,2020/05/21,2020/05/17,,,read,,,,1,0
40714769,Dig,A.S. King,"King, A.S.",,"=""1101994916""","=""9781101994917""",0,Dutton Books For Young Readers,Hardcover,394,2019,2019,,2020/05/20,to-read,to-read (#21),to-read,,,,0,0
16631,Steppenwolf,Hermann Hesse,"Hesse, Hermann",Basil Creighton,"=""0140282580""","=""9780140282580""",0,Penguin,Paperback,256,1999,1927,,2020/05/20,to-read,to-read (#20),to-read,,,,0,0
50905325,Prosper's Demon,K.J. Parker,"Parker, K.J.",,"=""1250260507""","=""9781250260505""",0,Tor.com,ebook,112,2020,2020,,2020/05/20,to-read,to-read (#19),to-read,,,,0,0
36349572,The Penguin Book of Japanese Short Stories,Jay Rubin,"Rubin, Jay","Haruki Murakami, Jun'ichirō Tanizaki, Kafū Nagai, Natsume Sōseki, Ōgai Mori, Yukio Mishima, Yūko Tsushima, Taeko Kōno, Kenji Nakagami, Banana Yoshimoto, Minako Ohba, Fumiko Enchi, Abe Akira, Yōko Ogawa, Doppo Kunikida, Uno Kōji, Genji Keita, Minoru Betsuyaku, Mieko Kawakami, Shinichi Hoshi, Ryūnosuke Akutagawa, Sawanishi Yuten, Hyakken Uchida, Yoko Ota, Yuichi Seirai, Yasunari Kawabata, Akiyuki Nosaka, Tomoyuki Hoshino, Kazumi Saeki, Aoko Matsuda, Yūya Satō","=""0141395621""","=""9780141395623""",0,Penguin Classics,Hardcover,566,2018,2018,,2020/05/20,to-read,to-read (#18),to-read,,,,0,0
36327040,The Hospital,Ahmed Bouanani,"Bouanani, Ahmed","Lara Vergnaud, Anna Della Subin","=""0811225763""","=""9780811225762""",0,New Directions,Paperback,128,2018,1990,,2020/05/20,to-read,to-read (#16),to-read,,,,0,0
38458433,The Hole,José Revueltas,"Revueltas, José","Amanda Hopkinson, Sophie Hughes, Álvaro Enrigue","=""0811227782""","=""9780811227780""",0,New Directions,Paperback,80,2018,1969,,2020/05/20,to-read,to-read (#14),to-read,,,,0,0
968902,Dying Inside,Robert Silverberg,"Silverberg, Robert",,"=""0743435087""","=""9780743435086""",0,iBooks,Paperback,245,2002,1972,,2020/05/20,to-read,to-read (#13),to-read,,,,0,0
11275,The Wind-Up Bird Chronicle,Haruki Murakami,"Murakami, Haruki",Jay Rubin,"=""0965341984""","=""9780965341981""",0,Knopf,Paperback,607,1997,1994,,2020/05/19,to-read,to-read (#12),to-read,,,,0,0
20518872,"The Three-Body Problem (Remembrance of Earth’s Past, #1)",Liu Cixin,"Cixin, Liu",Ken Liu,"=""""","=""""",0,Tor Books,Hardcover,472,2014,2006,,2020/05/19,to-read,to-read (#11),to-read,,,,0,0
24800,House of Leaves,Mark Z. Danielewski,"Danielewski, Mark Z.",,"=""""","=""""",0,Random House,Paperback,709,2000,2000,,2020/05/19,to-read,to-read (#10),to-read,,,,0,0
350540,The Road,Cormac McCarthy,"McCarthy, Cormac",,"=""0307387895""","=""9780307387899""",5,Vintage International,Paperback,287,2006,2006,2020/05/17,2019/07/29,,,read,,,,1,0
7445,The Glass Castle,Jeannette Walls,"Walls, Jeannette",,"=""074324754X""","=""9780743247542""",0,Scribner,Paperback,288,2006,2005,,2020/05/16,to-read,to-read (#9),to-read,,,,0,0
42527866,They Called Us Enemy,George Takei,"Takei, George","Justin Eisinger, Steven Scott, Harmony Becker","=""1603094504""","=""9781603094504""",0,Top Shelf Productions,Paperback,204,2019,2019,,2020/05/15,to-read,to-read (#8),to-read,,,,0,0
5129,Brave New World,Aldous Huxley,"Huxley, Aldous",,"=""0060929871""","=""9780060929879""",3,HarperPerennial / Perennial Classics,Paperback,288,1998,1932,,2019/07/29,,,read,,,,1,0
50144,Kitchen,Banana Yoshimoto,"Yoshimoto, Banana","Megan Backus, Noguchi Rika","=""0802142443""","=""9780802142443""",0,Grove Press,Paperback,160,2006,1988,,2020/05/15,to-read,to-read (#7),to-read,,,,0,0
98591,Time Travel in Einstein's Universe: The Physical Possibilities of Travel Through Time,J. Richard Gott III,"III, J. Richard Gott",,"=""0618257357""","=""9780618257355""",0,Mariner Books,Paperback,304,2002,2001,,2020/05/15,,,read,,,,1,0
60931,Kindred,Octavia E. Butler,"Butler, Octavia E.",,"=""0807083690""","=""9780807083697""",4,Beacon Press,Paperback,288,2004,1979,2020/01/01,2020/05/14,,,read,,,,1,0
2493,The Time Machine,H.G. Wells,"Wells, H.G.","Greg Bear, Carlo Pagetti","=""""","=""""",3,Signet Classics,Paperback,118,2002,1895,2020/01/01,2020/05/14,,,read,,,,1,0
7726420,How to Live Safely in a Science Fictional Universe,Charles Yu,"Yu, Charles",,"=""0307379205""","=""9780307379207""",4,Pantheon,Hardcover,256,2010,2010,2020/01/01,2020/05/14,,,read,,,,1,0
17250,The Crucible,Arthur Miller,"Miller, Arthur",Christopher W.E. Bigsby,"=""0142437336""","=""9780142437339""",0,Penguin Books,Paperback,143,2003,1953,,2020/05/14,to-read,to-read (#6),to-read,,,,0,0
123557,Brave Story,Miyuki Miyabe,"Miyabe, Miyuki",Alexander O. Smith,"=""1421511967""","=""9781421511962""",5,VIZ Media LLC,Hardcover,816,2007,2003,,2020/05/14,,,read,,,,1,0
12296,The Scarlet Letter,Nathaniel Hawthorne,"Hawthorne, Nathaniel","Nina Baym, Thomas E. Connolly","=""0142437263""","=""9780142437261""",1,Penguin Books,Paperback,279,2002,1850,,2019/08/01,,,read,,,,1,0
8690609,Flowers for Algernon,Daniel Keyes,"Keyes, Daniel",,"=""""","=""""",3,Houghton Mifflin Harcourt,ebook,312,2007,1966,2014/09/26,2014/09/26,,,read,,,,1,0
8315374,A Long Way Gone,Ishmael Beah,"Beah, Ishmael",,"=""""","=""""",5,Sarah Crichton Books,Kindle Edition,244,2007,2007,2018/01/23,2016/11/21,,,read,,,,1,0
6485609,The Godfather (The Godfather #1),Mario Puzo,"Puzo, Mario",,"=""""","=""""",4,New American Library,ebook,456,2005,1969,2019/04/17,2018/02/05,,,read,,,,1,0
170448,Animal Farm,George Orwell,"Orwell, George","Russell Baker, C.M. Woodhouse","=""0451526341""","=""9780451526342""",3,Signet Classics,Mass Market Paperback,141,1996,1945,,2019/07/29,,,read,,,,1,0
320,One Hundred Years of Solitude,Gabriel García Márquez,"Márquez, Gabriel García",Gregory Rabassa,"=""""","=""""",0,Harper,Mass Market Paperback,417,2003,1967,,2019/07/29,to-read,to-read (#5),to-read,,,,0,0
2998,The Secret Garden,Frances Hodgson Burnett,"Burnett, Frances Hodgson",,"=""0517189607""","=""9780517189603""",0,Children's Classics,Hardcover,331,1998,1911,,2019/07/29,to-read,to-read (#4),to-read,,,,0,0
168642,In Cold Blood,Truman Capote,"Capote, Truman",,"=""0679745580""","=""9780679745587""",0,Vintage,Paperback,343,1994,1966,,2019/07/29,to-read,to-read (#3),to-read,,,,0,0
133518,The Things They Carried,Tim O'Brien,"O'Brien, Tim",,"=""0767902890""","=""9780767902892""",0,Broadway,Paperback,246,1998,1990,,2019/07/29,to-read,to-read (#2),to-read,,,,0,0
17406532,"Doctor Sleep (The Shining, #2)",Stephen  King,"King, Stephen",,"=""""","=""""",3,Scribner,ebook,658,2013,2013,,2019/07/29,,,read,,,,1,0
18920446,"Mr. Mercedes (Bill Hodges Trilogy, #1)",Stephen  King,"King, Stephen",,"=""""","=""""",3,Scribner,Kindle Edition,538,2014,2014,,2019/07/29,,,read,,,,0,0
28094574,It,Stephen  King,"King, Stephen",,"=""""","=""""",4,Scribner,ebook,1169,2016,1986,,2019/07/29,,,read,,,,1,0
43390898,Gilchrist,Christian Galacar,"Galacar, Christian",,"=""""","=""""",4,,Kindle Edition,,,2017,,2019/07/29,,,read,,,,1,0
4671,The Great Gatsby,F. Scott Fitzgerald,"Fitzgerald, F. Scott",,"=""0743273567""","=""9780743273565""",2,Scribner,Paperback,180,2025,1925,,2019/07/29,,,read,,,,1,0
18881450,Flowers For Algernon,Daniel Keyes,"Keyes, Daniel",Chris     Moore,"=""""","=""""",3,Gateway,ebook,228,2012,1966,,2020/05/14,,,read,,,,1,0
5297,The Picture of Dorian Gray,Oscar Wilde,"Wilde, Oscar",Jeffrey Eugenides,"=""""","=""""",0,Random House: Modern Library,Paperback,272,2004,1890,,2019/08/01,to-read,to-read (#1),to-read,,,,0,0
248596,Something Wicked This Way Comes,Ray Bradbury,"Bradbury, Ray",,"=""0380729407""","=""9780380729401""",4,Harper Voyager,Mass Market Paperback,293,1998,1962,,2019/07/29,,,read,,,,1,0
8423493,"Catching Fire (The Hunger Games, #2)",Suzanne Collins,"Collins, Suzanne",,"=""""","=""""",0,Scholastic Press,Kindle Edition,439,2010,2009,,2019/07/29,,,read,,,,1,0
8139116,"If You're Reading This, It's Too Late (Secret, #2)",Pseudonymous Bosch,"Bosch, Pseudonymous",Gilbert Ford,"=""""","=""""",0,"Little, Brown Books for Young Readers ",Kindle Edition,412,2008,2008,,2019/07/29,,,read,,,,1,0
33120273,Life of Pi,Yann Martel,"Martel, Yann",,"=""""","=""""",5,Mariner Books,Kindle Edition,461,2022,2001,,2019/07/29,,,read,,,,1,0
8251464,"Speaker for the Dead (Ender's Saga, #2)",Orson Scott Card,"Card, Orson Scott",,"=""1429963948""","=""9781429963947""",2,Tor Books,Kindle Edition,419,2009,1986,,2019/07/29,,,read,,,,1,0
8251465,"Shadow of the Hegemon (Shadow, #2)",Orson Scott Card,"Card, Orson Scott",,"=""""","=""""",3,,Kindle Edition,451,,2000,,2019/07/29,,,read,,,,1,0
8385952,"Ender's Shadow (Shadow, #1)",Orson Scott Card,"Card, Orson Scott",,"=""""","=""""",4,,Kindle Edition,484,,1999,,2019/07/29,,,read,,,,1,0
20603758,"Ready Player One (Ready Player One, #1)",Ernest Cline,"Cline, Ernest",,"=""""","=""""",5,Ballantine Books,Kindle Edition,386,2011,2011,,2019/07/29,,,read,,,,1,0
8044584,"The Maze Runner (Maze Runner, #1)",James Dashner,"Dashner, James",,"=""""","=""""",0,Delacorte Books for Young Readers,Kindle Edition,386,2009,2009,,2019/07/29,,,read,,,,1,0
8587084,"The Scorch Trials (Maze Runner, #2)",James Dashner,"Dashner, James",,"=""""","=""""",0,Delacorte Press,ebook,312,2010,2010,,2019/07/29,,,read,,,,1,0
11162293,"The Death Cure (Maze Runner, #3)",James Dashner,"Dashner, James",,"=""""","=""""",0,Delacorte Press,Kindle Edition,353,2011,2011,,2019/07/29,,,read,,,,1,0
18858553,"Apocalypse Cow (Apocalypse Cow, 1)",Michael   Logan,"Logan, Michael",,"=""1250032857""","=""9781250032850""",0,St. Martin's Griffin,Kindle Edition,386,2013,2012,,2019/07/29,,,read,,,,1,0
16064673,The Call of the Wild,Jack London,"London, Jack",,"=""""","=""""",0,,Kindle Edition,150,2012,1903,,2019/07/29,,,read,,,,1,0
37643296,"Pines (Wayward Pines, #1)",Blake Crouch,"Crouch, Blake",,"=""""","=""""",0,Thomas & Mercer,ebook,315,2012,2012,,2019/07/29,,,read,,,,1,0
19438157,"Wayward (Wayward Pines, #2)",Blake Crouch,"Crouch, Blake",,"=""""","=""""",0,Thomas & Mercer,Kindle Edition,311,2013,2013,,2019/07/29,,,read,,,,1,0
20423680,"The Last Town (Wayward Pines, #3)",Blake Crouch,"Crouch, Blake",,"=""1477872582""","=""9781477872581""",0,Thomas & Mercer,Kindle Edition,294,2014,2014,,2019/07/29,,,read,,,,1,0
18626815,"Wool (Silo, #1)",Hugh Howey,"Howey, Hugh",,"=""""","=""""",0,Broad Reach Publishing,Kindle Edition,530,2012,2012,,2019/07/29,,,read,,,,1,0
10595576,Run,Blake Crouch,"Crouch, Blake",,"=""""","=""""",0,Blake Crouch,Kindle Edition,331,2011,2011,,2019/07/29,,,read,,,,1,0
21463939,What If? 10th Anniversary Edition: Serious Scientific Answers to Absurd Hypothetical Questions,Randall Munroe,"Munroe, Randall",,"=""""","=""""",0,Dey Street Books,Kindle Edition,320,2024,2014,,2019/07/29,,,read,,,,1,0
18895081,A Walk Among the Tombstones (Matthew Scudder #10),Lawrence Block,"Block, Lawrence",,"=""1937698890""","=""9781937698898""",0,"Telemachus Press, LLC",Kindle Edition,308,2013,1992,,2019/07/29,,,read,,,,1,0
9439628,Desert Places (Andrew Z. Thomas/Luther Kite #1),Blake Crouch,"Crouch, Blake",,"=""""","=""""",0,Amazon Digital Services,Kindle Edition,289,2010,2004,,2019/07/29,,,read,,,,1,0
11571298,Thirteen Reasons Why,Jay Asher,"Asher, Jay",,"=""""","=""""",0,Razorbill ,ebook,288,2011,2007,2018/01/23,2017/04/10,,,read,,,,1,0
18401393,The Martian,Andy Weir,"Weir, Andy",,"=""""","=""""",5,Broadway Books,Kindle Edition,385,2014,2011,2015/01/24,2015/01/24,,,read,,,,1,0
